Store Names,Store Type,Location,Description
Ace ,GOODS,3F,"ACE adalah pusat perlengkapan rumah tangga dan gaya hidup terbesar dan terlengkap di Indonesia. ACE juga telah meraih berbagai prestasi antara lain MURI (Museum Rekor Indonesia) sebagai store ACE terbesar di dunia, penghargaan dari Superbrands, Majalah SWA, Marketing, Forbes Indonesia, IMAC, Top Brand Award, dan lain sebagainya. ACE menyediakan lebih dari 85.000 jenis produk yang meliputi perkakas, perlengkapan dapur dan kamar mandi, keperluan berkebun dan otomotif, peralatan elektrikal, cat dan koleksi dekorasi ruangan, sepeda, beserta produk olahraga dan sepatu kesehatan, serta masih banyak lagi. Selain itu, ACE memiliki standar service meliputi delivery service dengan persyaratan tertentu untuk kemudahan berbelanja, installation service, membership privilleges, best price guarantee, dan 100% satisfaction guarantee. Selain ragam produk yang lengkap, ACE juga didukung dengan layanan pelanggan profesional yang selalu siap membantu para pelanggan menemukan solusi yang mereka butuhkan. Sesuai slogan, The Helpful Place, ACE memberikan solusi terhadap keperluan rumah tangga dan gaya hidup. Saat ini, ACE telah memiliki 112 toko yang beroperasi di 33 kota di Indonesia, antara lain Jakarta, Bandung, Semarang, Surabaya, Medan, Palembang, Lampung, Samarinda, Makassar, Manado, Denpasar, dan masih banyak lagi. Bagi warga BSD dan sekitarnya akan segera merasakan sensasi berbelanja mudah dan nyaman dengan hadirnya ACE di AEON Mall yang berlokasi di Lantai 3-01 pada penghujung Mei 2015. Sambutlah gaya hidup modern yang penuh kemudahan dan kenyamanan hanya bersama ACE. Selamat berbelanja!"
Adidas ,FASHION,GF,"Adidas adalah desainer global dan pengembang sepatu, pakaian dan aksesoris atletik dan lifestyle. dengan misi untuk menjadi merk olahraga terkemuka di dunia. Sebagai pemimpin dalam inovasi dan desain, adidas menghasilkan yang terbaik dalam produk berperforma tinggi untuk membuat atlet lebih baik, lebih cepat dan lebih kuat dengan menciptakan berbagai koleksi klasik dan gaya hidup serta koleksi high fashion."
AEON BSD CITY Dept Store 1F,FASHION,1F,"New Life. New You. Halo Indonesia! Kami adalah AEON, toko ritel yang lahir di Jepang. Kami sangat senang melintasi lautan untuk bertemu dengan Anda. Sebagai bagian dari komunitas ini, kami ingin tumbuh bersama untuk menciptakan lingkungan hidup yang lebih bahagia. Itulah tujuan dan masa depan kami. Dengan keramah-tamahan dari Jepang dan ide yang selangkah lebih maju, kami akan selalu mewarnai kehidupan sehari-hari Anda dengan hal-hal yang baru dan suasana yang nyaman."
AEON BSD CITY Dept Store 2F,FASHION,2F,"New Life. New You. Halo Indonesia! Kami adalah AEON, toko ritel yang lahir di Jepang. Kami sangat senang melintasi lautan untuk bertemu dengan Anda. Sebagai bagian dari komunitas ini, kami ingin tumbuh bersama untuk menciptakan lingkungan hidup yang lebih bahagia. Itulah tujuan dan masa depan kami. Dengan keramah-tamahan dari Jepang dan ide yang selangkah lebih maju, kami akan selalu mewarnai kehidupan sehari-hari Anda dengan hal-hal yang baru dan suasana yang nyaman."
AEON BSD CITY Supermarket GF,FOOD,GF,"New Life. New You.
Halo Indonesia! Kami adalah AEON, toko ritel yang lahir di Jepang. Kami sangat senang melintasi lautan untuk bertemu dengan Anda. Sebagai bagian dari komunitas ini, kami ingin tumbuh bersama untuk menciptakan lingkungan hidup yang lebih bahagia. Itulah tujuan dan masa depan kami. Dengan keramah-tamahan dari Jepang dan ide yang selangkah lebih maju, kami akan selalu mewarnai kehidupan sehari-hari Anda dengan hal-hal yang baru dan suasana yang nyaman."
AEON Credit Service ,SERVICE,GF,"AEON CREDIT SERVICE merupakan anak perusahaan AEON Group yang berasal dari Jepang dan bergerak di bidang pembiayaan konsumen. Selain menyediakan fasilitas kredit, AEON Credit Service juga merupakan satu-satunya perusahaan Non-Bank di Indonesia yang menerbitkan Kartu Kredit"
Amazone ,ENTERTAINMENT,3F,Amazone Indonesia adalah pusat hiburan keluarga yang lahir dengan area terbesar dan dengan ragam permainan terlengkap.
ATM CENTER (3F),SERVICE,3F,"ATM Center

Permata, Danamon, BRI, BNI, Mandiri"
ATM CENTER (GF),SERVICE,GF,"ATM Center

Sinarmas, Panin, BRI, OCBC NISP, Mandiri"
Auntie Anne's ,FOOD,GF,Manjakan lidah Anda! Nikmati pretzel panggang segar yang dibuat langsung di depan Anda bersama dengan Fresh Squeezed Lemonade yang merupakan minuman khas dari Auntie Anne's.
Bakmi Ayam Alok ,FOOD,3F,Cita rasa kuah kaldu asli dipadu dengan tekstur bakmi yang kenyal menjadi ciri khas kami yang menarik banyak pelanggan setia.
Bakmi GM ,FOOD,2F,"Menyajikan makanan lezat dengan presentasi cepat dan kualitas makanan sehat. BAKMI GM selalu menggunakan bahan baku berkualitas tinggi, menjaga kebersihan dengan proses kerja berstandar internasional. BAKMI GM hadir di AEON Mall BSD City dengan beberapa pilihan layanan seperti Dine In, Take Away, Pengiriman, Prasmanan, Menu Anak, dan banyak variasi lainnya"
Bakso Malang Igaku,FOOD,3F,
Baku Dapa Kuliner Manado ,FOOD,3F,
Ban ban,FOOD,GF,
Bank Mandiri,SERVICE,GF,"Memberikan solusi perbankan terbaik kapan pun dan di mana pun. Kini kami hadir di AEON MALL BSD CITY. Didukung ATM, Cash Deposit Machine, Mandiri SMS Banking, Mandiri Mobile Banking, Mandiri Internet Banking dan Mandiri Call, siap melayani 24 jam / 7hari dalam seminggu. Apapun keinginan Anda, Mandiri saja."
Baskin Robbins ,FOOD,3F,"""Baskin-Robbins, one of the biggest franchises in the world's Ice Cream, a specialist in the Premium Ice Cream with a variety of flavors. Communities around the world have enjoyed a wide variety of treats Baskin-Robbins high value.

Baskin-Robbins himself was present in more than 7,000 locations in nearly 50 countries worldwide. Highest enthusiasts American countries, China and Indonesia."""
Bateeq ,FASHION,2F,"Bateeq menyediakan koleksi batik modern berupa: kemeja pria slim fit, reguler, baju wanita, fashion, busana muslim, anak-anak, t-shirt dengan berbagai bahan katun, sutera, ATBM, cap, dan kombinasi dari bahan-bahan tersebut. Bateeq merupakan sebuah toko yang eksklusif dan modern yang membuat pengunjung nyaman berbelanja dan mendapatkan pelayanan yang memuaskan."
Bath & Body Works,GOODS,GF,"Bath & Body Works merupakan salah satu pemimpin dunia di bidang special retail dan rumah bagi America's Favorite Fragrances® yang menawarkan berbagai wewangian untuk tubuh & rumah, termasuk koleksi penjualan #1 untuk body lotion dan body cream, body wash, hand soap dan fine fragrance mist. Selama lebih 25 tahun, para customer mencari Bath & Body Works untuk kualitas, produk terkini dan wewangian paling segar yang ditawarkan. Sekarang produk-produk tersebut bisa didapatkan di toko Bath & Body Works dan White Barn yang tersebar sebanyak 1,800 toko diseluruh dunia. Di Indonesia, kami terdapat 14 toko Bath & Body Works yang tersebar di Jakarta, Tangerang, Surabaya, Bandung dan Bali."
BCA ,SERVICE,GF,"Berdiri sejak 1957, kami hadir di tengah masyarakat Indonesia dan tumbuh menjadi salah satu bank terbesar di Indonesia. Selama hampir 60 tahun kami tak pernah berhenti menawarkan beragam solusi perbankan yang menjawab kebutuhan finansial nasabah dari berbagai kalangan."
Beard Papa ,FOOD,GF,Beard papa merupakan salah satu Puff Cream terbaik di dunia yang lembut dan kenyal serta custard cream dibuat dengan vanilla bean tanpa bahan pewarna buatan dan tanpa bahan pengawet.
Beauty Haul,GOODS,1F,"Beauty Haul menyediakan Produk Kecantikan,Makeup,Tools, & Skincare terbaik 100% ASLI  dengan harga yang terjangkau."
Beauty Scent,GOODS,GF,"Hai Beauties!
Luangkan waktu untuk membuat Anda merasa cantik di Toko kami. Datang dan dapatkan produk favorit Anda. Tidak sabar untuk bertemu Anda di sana Beauties."
Best Denki ,GOODS,3F,"Best Denki Co, Ltd adalah perusahaan elektronik berbasis ritel dengan store yang tersebar di seluruh dunia seperti Jepang, Malaysia, Singapura, Taiwan, & Indonesia. Didirikan dari tahun 1953, Best Denki telah berkembang secara agresif selama bertahun-tahun dan sekarang telah beroperasi lebih dari 600 stores."
Birkenstock ,FASHION,1F,"Birkenstock adalah pelopor utama sandal dengan sol berbahan gabus. Dibentuk dan dibuat di Jerman, Birkenstock hanya menggunakan bahan baku terbaik untuk semua koleksi nya dan kini merek ini dikenal sebagai merek alas kaki kesehatan di seluruh dunia"
BNI  ,SERVICE,GF,PEMBUKAAN KANTOR DI AEON Mall BSD City . Kami siap melayani seluruh transaksi perbankan Anda: Ayo buka rekening dan aktifkan BNI e-Banking dan dapatkan hadiah menarik. BNI memberi lebih.
Boost Juice,FOOD,GF,"Boost Juice - smoothie dan jus segar favorit anak bangsa! Kami melayani jutaan orang Indonesia dengan kemasan hijau kami yang khas, kaya akan kelezatan buah dan sayuran.

Kelezatan yang berasal dari kebaikan alami yang sederhana, disajikan kepada Anda dengan penuh cinta yang akan membuat Anda sangat bahagia, dan yang bahkan akan membuat Anda berbagi keceriaan dengan orang lain.

Ini tentang cara membuat hidup sehat terasa mudah!! Jadi secara alami, nutrisi menjadi komponen kunci dalam mengembangkan rangkaian smoothie dan jus segar yang membuat kami memadukan jutaan ton buah dan sayuran setiap tahun.

Tidak percaya? Kami akan buktikan! Mari kunjungi kami di Boost Juice dan cobalah sendiri."
BRANZ (Property),SERVICE,GF,"Branz, salah satu merek properti residensial paling terkenal di Jepang dari Tokyu Land Corporation, hadir di Indonesia untuk pertama kalinya.
Untuk info lebih lanjut, kunjungi booth kami"
Burger King,FOOD,3F,Burger King kini hadir di aeon mall bsd city. Kami menyuguhkan berbagai pilihan makanan untuk anda nikmati
Burger King,FOOD,3MF,Burger King kini hadir di aeon mall bsd city. Kami menyuguhkan berbagai pilihan makanan untuk anda nikmati
C&F perfumery ,GOODS,GF,"C&F Perfumery adalah ritel parfum terkemuka yang menyediakan berbagai merek parfum ternama, dengan jumlah lebih dari 150 gerai yang tersebar di Indonesia. C&F juga menjadi distributor eksklusif bagi lebih dari 30 merek internasional dan memproduksi merek parfum & kosmetik lokal."
Casio ,GOODS,GF,"Casio Computer Co, Ltd merupakan sebuah perusahaan multinasional yang menghasilkan berbagai macam produk elektronik. Perusahaan ini didirikan pada tahun 1946, dan pada tahun 1957 dirilis Kalkulator pertama didunia. Perusahaan ini bermarkas di Shibuya, Tokyo, Jepang"
Charles & Keith ,FASHION,1F,"Gerai CHARLES & KEITH ke-44 kini hadir di AEON Mall BSD City dengan konsep design modern minimalis. CHARLES & KEITH menawarkan anda pengalaman berbelanja tas, sepatu, dan aksesoris wanita"
Châteraisé,FOOD,GF,"Châteraisé pertama kali didirikan pada Desember 1954, di kaki Gunung Fuji, Jepang. Produk-produk Châteraisé dibuat secara eksklusif dari bahan-bahan alami pilihan yang didapat langsung dari para petani terpercaya. Selain itu, semua kue, es krim dan produk Châteraisé lainnya diproduksi di pabrik Châteraisé, kemudian diekspor ke seluruh toko Châteraisé di berbagai belahan dunia.

Saat ini, Châteraisé sudah membuka lebih dari 500 toko di seluruh Jepang dan 24 toko di berbagai negara seperti, China, Korea Selatan, Thailand, Taiwan, Uni Emirat Arab, Hong Kong, Malaysia, Singapura, dan Indonesia.
Di Indonesia, toko pertama Châteraisé dibuka pada 21 Oktober 2017, di Senayan City. Kemudian, kami membuka 8 toko baru di Kem Chicks Pacific Place, Pondok Indah Mall, Central Park Mall, Kelapa Gading Mall 2, Grand Indonesia, ÆON Jakarta Garden City, The Foodhall, Lippo Mall Puri, dan sekarang ÆON Mall BSD.

Châteraisé akan terus menawarkan produk-produk berkualitas tinggi dengan kue dan buah-buahan yang langsung diimpor dari Jepang."
Chatime ,FOOD,GF,"Hello, tea lovers! Chatime kini hadir di AEON Mall BSD City. Nikmati pilihan rasa dan topping super lezat, kombinasikan sesuai selera. Varian menu: Mellow Milk Tea, Smoothie Series, Oriental Pop Tea, CHATIME Special Mix, Energetic Healthy Juice, QQ Jelly, Fresh Tea, Coffee, dan Mousse Series."
Chuwi Yogurt,FOOD,1F,Now Chuwing at AEON MALL BSD CITY
CIMB Niaga Digital Lounge ,SERVICE,GF,"Inovasi CIMB Niaga untuk Anda, siap melayani pembukaan rekening, pendaftaran branchless banking, ganti kartu ATM, info promosi dan transaksi Video Banking. Instan, Praktis & Mudah."
Cindy ,GOODS,2F,"Cindy Gift Shop menyediakan berbagai pernak-pernik yang cocok untuk menjadi hadiah untuk orang yang Anda cintai. Koleksinya cocok untuk segala usia, dari anak-anak hingga orang dewasa."
Cinema XXI ,ENTERTAINMENT,3F,"Cinema XXI akan Hadir di AEON Mall BSD City Lantai 3-21. CINEMA XXI merupakan perusahaan bioskop terbesar di Indonesia yang memulai kiprahnya di industri hiburan sejak tahun 1987. Lebih dari 27 tahun, CINEMA XXI berkomitmen untuk senantiasa memberikan pengalaman dan kenikmatan menonton terbaik untuk masyarakat Indonesia. Sampai dengan Januari tahun ini, CINEMA XXI memiliki total 768 layar tersebar di 33 kota di 145 lokasi di seluruh Indonesia."
Cold Stone ,FOOD,GF,"Cold Stone Creamery menawarkan super-premium ice cream dan sorbet, dibuat dari bahan baku berkualitas sangat baik dan diproduksi baru setiap harinya dan dapat dikreasikan dengan beragam pilihan topping yang disiapkan di atas batu granit beku."
Coolkids,FASHION,2F,Sejak tahun 1987 kami telah memproduksi pakaian berkualitas tinggi untuk anak dan bayi. Produk kami tersedia di toko-toko Cool Kids dan di department store terkemuka di seluruh Indonesia. Bahan berkualitas tinggi dan desain yang trendi selalu menjadi perhatian kami dalam menyediakan pakaian yang berkualitas bagi para konsumen kami.
COWAY,GOODS,1F,"Coway International adalah perusahaan produsen Air Purifier dan Water Purifier No.1 di Korea Selatan. Coway telah memulai bisnis sejak tahun 1989 dan memperluas wilayah bisnisnya ke AS, Cina, Thailand, Malaysia, dan di tahun 2019 ini telah resmi hadir di Indonesia dengan nama PT Coway International Indonesia. Coway kini telah memiliki lebih dari 6 (enam) juta pelanggan di seluruh dunia, dengan portofolio 6 (enam) total produk, masing-masing 3 (tiga) model water purifier, 2 (dua) model air purifier dan 1 model water filter.

Coway telah memiliki pusat R&D Center yang bertempat di Seoul National University dan juga menyediakan layanan HEART di mana CODY (Coway Lady) kami akan secara reguler (2 bulan sekali) mengunjungi pelanggan untuk mengelola produk agar tetap bersih dan tahan lebih lama.

Coway Air Purifier merupakan salah satu produk air purifier terbaik dengan system 4 (empat) langkah HEPA filter yang dapat menghilangkan debu halus tak kasat mata secara efektif (0.01um), menangkap kontaminan seperti virus (0.05um~0.5um), mikroorganisme (0.5um~3um), debu ruangan, tungau, dan kontaminan berbahaya lainnya. Sehingga menghasilkan kualitas udara yang lebih baik bagi setiap orang. Sirkulatornya yang kuat memperluas aliran udara dengan jangkauan sampai dengan 6 (enam) meter yang dapat meningkatkan sirkulasi udara dalam ruangan dengan lebih efektif.

Coway Water Purifier terdiri dari Ombak, Villaem II, Core, sebuah inovasi yang dapat menyaring air dari sumbernya langsung, tidak perlu repot menggunakan water gallon lagi. Pemurni Air Ombak memahami setiap kebutuhan dengan 50 tipe pengaturan suhu air yang dapat diatur sesuai keinginan. Memiliki 6 Tahap Filter Penyaringan, Sistem Filter Intensif Reverse Osmosis, Sterilisasi Sinar UV yang secara efektif mematikan mikroorganisme seperti virus, protozoa, dan bakteri, Child Lock Mode, aman dan tersertifikasi oleh Water Quality Association. Pemurni Air Core, dengan kapasitas tangki air lebih besar, memurnikan air lebih banyak, sangat cocok untuk kebutuhan kantor. Pemurni Air Villaem II disertai fitur Mode Eco, sensor cahaya yang secara otomatis mengurangi konsumsi energi dari mesin dan pemanas air pada malam hari. Hemat energi dan ramah lingkungan."
D'Crepes ,FOOD,3F,"Beef Mexicana, Burger Daging Sapi, Daging Sapi dan Keju Asap, Keripik Choco Crispy, Selai Kacang Crispy, Crispy Original, Keju Pisang Choco, Kacang Choco dan Keju"
Daiso Japan ,GOODS,2F,"Menawarkan kategori produk yang luas mulai dari perlengkapan dapur, perlengkapan mandi sampai perkakas rumah tangga, semuanya dengan kualitas tinggi berstandar Jepang dan dalam satu harga. Pelanggan kami selalu datang kembali ke toko dan selalu mendapatkan hal baru, dimana ini merupakan kunci sukses DAISO JAPAN."
Daniel Wellington ,GOODS,1F,"Berdiri pada tahun 2012, Daniel Wellington dikenal dengan tampilannya yang elegan dan klasik, namun tetap terkesan kasual.　Desainnya yang minimalis sangat cocok dipadukan dengan berbagai pilihan strap NATO yang ikonik. Daniel Wellington, jam tangan yang tepat untuk semua kesempatan."
Dapur Solo ,FOOD,GF,"Dapur Solo bermula dari usaha yang didirikan di garasi rumah Ny. Swan Kumarga pada tahun 1988 dan hingga kini berkembang, selain 14 cabang restoran, sejak tahun 2010 telah hadir pula 11 cabang layanan delivery nasi kotak sejabodetabek di bawah nama Dapur Solo Lunch Box. Dengan visi melestarikan budaya Indonesia terutama makanan tradisional Jawa khas Solo, kami berkomitmen akan terus mengembangkan kualitas produk kami melalui pelayanan yang prima oleh segenap sumber daya manusia kami yang berkarakter bangsa Indonesia."
De Wasz Laundry ,SERVICE,GF,"Apapun jenis pakaiannya, untuk urusan mencuci De Wasz pilihannya"
De'Sound ,GOODS,3F,"Desound adalah ruang audio premium yang menyediakan berbagai produk kelas dunia. Dari Personal Audio (Headphone dan Earphone), Multimedia (Speaker Portabel), HiFi, Sistem Karaoke, dan Home Theater. Aksesori pendukung seperti Kabel, Braket, dan Layar, juga tersedia untuk mendukung kebutuhan sistem Anda."
Digimap,GOODS,GF,"Selamat datang di digimap – Apple Premium & Authorized Reseller

Temukan pengalaman belanja terbaik untuk produk-produk Apple di digimap, Apple Premium & Authorized Reseller. digimap menawarkan produk-produk terbaru Apple seperti iPhone XS dan iPhone XS Max, Apple Watch Series 4,  MacBook Pro with Touch Bar tahun 2018, iPad terbaru seperti iPad 9.7 dan tipe iPad Pro 10.5-inch yang lebih kuat dan baru ini diluncurkan, iPod, Apple TV and more.

What is an Apple Premium Reseller ?
digimap adalah Apple Premium & Authorized Reseller di Indonesia. Karyawan digimap telah dilatih untuk menjadi ahli produk-produk Apple dan karyawan kami siap membantu Anda untuk memberikan saran dan pelayanan untuk pelanggan kami, termasuk Anda!

Melalui berbagai produk yang ditawarkan oleh kami, digimap memberi kekuatan kepada pelanggan teknologi digital untuk memilih produk sesuai dengan kebutuhan sehari-hari mereka.

Produk yang kami tawarkan?
digimap, menawarkan produk-produk terbaru dari Apple dan pilihan aksesoris Apple serta aksesoris lainnya untuk melengkapi produk Apple Anda. Pelatihan dan pelayanan IT juga tersedia sesuai kebutuhan, diberikan oleh spesialis Apple kami yang siap memberikan saran, nasihat dan tips penggunaan untuk mempermudah pengalaman belanja Anda dengan digimap.

Dimana lokasi gerai digimap?
Gerai digimap dapat ditemukan digimap di banyak mal belanja serta area pusat bisnis di seluruh Indonesia. digimap saat ini memiliki 18 gerai utama di Indonesia."
Doner Kebab ,FOOD,GF,"Kebab merupakan makanan khas daerah Timur Tengah yang berkolesterol rendah, yaitu daging yang disajikan dengan sayuran dan saos pilihan, dibungkus (digulung) bersama roti Libanon (Lebanese Bread). Dagingnya dibakar / dipanggang dimesin pembakar vertical dan rotinya setelah digulung di-toast dengan mesin toaster khusus. Makanan ini sangat popular di Australia, Eropa dan daerah Mediterania lainnya."
Donini ,FASHION,1F,Sejak 1970 DONINI sudah dikenal sebagai produsen tas kulit yang ternama. Perhatian terhadap detail memberikan hasil tas yang berkualitas tinggi. Bahan dasar yang digunakan berasal dari Italia dan aksesorisnya dengan desain eksklusif.
Dparis,GOODS,1F,"Dparis hadir memenuhi kebutuhan wanita akan aksesoris dalam melengkapi kehidupan sehari-hari, dan sebagai pendukung penampilan yang lebih menarik dan indah, sesuai dengan misi Dparis “Beautify U”."
Dwidaya Tour ,SERVICE,3F,"Dwidayatour, solusi perjalanan wisata Anda yang berkualitas. Memiliki layanan tour, booking tiket pesawat & hotel serta dokumen & asuransi perjalanan MICE. Kunjungi cabang Dwidayatour di AEON MALL BSD CITY dan dapatkan berbagai penawaran menarik!“Dwidayatour Making Travel Easy”."
Eatlah ,FOOD,GF,Habiskan hari Anda dengan sekotak ayam telur asin Nikmati!
Eka Karya Orchid ,GOODS,GF,"Terletak di kawasan Asia Tenggara, Indonesia menawarkan kondisi iklim yang bersahabat untuk pertumbuhan berbagai spesies bunga di seluruh kepulauannya. Lokasi geografis kami menyediakan rumah surgawi di antara mereka, keluarga bunga anggrek yang indah & banyak didambakan seperti genus Phalaenopsis & Dendrobium yang berasal dari Indonesia, juga bunga eksotis seperti genus Anthurium, berbagai Mawar hingga bunga-bunga elegan seperti Ivy. Menyadari keunggulan ini, perusahaan kami PT Ekakarya Graha Flora bertekad untuk meraih peluang ini & memenuhi potensi untuk menjadi penumbuh & penjual bunga terbesar yang disebutkan di atas, di tanah air kami."
Eprise ,FASHION,2F,"EPRISE adalah busana wanita modern, stylish dan dapat dikenakan pada suasana santai, busana kerja maupun acara resmi. Sejak 1997, secara konsisten menjaga kualitas pada bahan dan gaya busana up to date. Saat ini terus berkembang menjadi sebuah fashion brand yang berbasis gaya dan kenyamanan berbusana."
Erafone,GOODS,3F,"Erafone Store adalah anak usaha Erajaya Group yang merupakan sebuah retail selular multi-brand berkonsep baru dan modern yang menggabungkan kelengkapan produk, solusi serta kenyamanan berbelanja secara terintegrasi, sehingga konsumen Erafone akan memperoleh pengalaman dan solusi terbaik saat mencari perangkat telekomunikasi selular."
Erha Store,GOODS,GF,"ErhaStore mengusung tema Beauty Tech Store, di mana konsumen dapat sekaligus mencoba fitur-fitur
dan fasilitas unggulan yang canggih seperti fasilitas Skin Testing gratis dengan menggunakan Smart Skin
Analysis Device. Skin testing ini menggunakan teknologi Artificial Intelligence (AI) yang dapat
menganalisa kondisi kulit dan permasalahan kulit wajah yang dialami, serta langsung dapat memberikan
rekomendasi mengenai produk perawatan yang dapat membantu mengatasi masalah tersebut. Adapula
Smart Touch Screen Monitor, dimana konsumen secara mandiri bisa langsung mendapatkan informasi
detail mengenai produk dengan cara yang sangat mudah."
Essentials,FASHION,2F,"Founded in 2011 Urban&Co has grown and become one of the most prestigious women’s fashion brand in Indonesia. Urban&Co has delivered luxurious products through a simple yet elegant design. Urban&Co only use assorted high quality materials that exude charm and luxury. Every product of Urban&Co manufactured with high-precision that intensify the charm and amplify the character of the wearer.

Urban&Co also celebrate the spirit of youth through Essentials Urban&Co products. Essentials Urban&Co product specifically designed to amplify the cheerful, fresh and young energy of the youth. Every Essentials Urban&Co products are more flexible and suitable in every occasion."
Et Cetera ,FASHION,1F,"Merek fashion untuk wanita urban yang elegan dengan desain karakter kontemporer, sederhana, santai, dan effortless dengan detail yang unik. Koleksi Et Cetera hadir dengan bahan berkualitas terbaik dan nyaman seperti katun, linen, dan satin dengan karakter warna pastel dan neutral yang menjadi ciri khas Et Cetera."
Everbest,FASHION,1F,"Everbest Group merupakan salah satu perusahaan yang bergerak di bidang retail yang berasal dari Singapura dan telah merancang, membuat dan menjual sepatu selama lebih dari 30 tahun. Koleksi sepatu kami bisa didapatkan terutama di wilayah Asia Tenggara, tetapi juga dapat ditemukan di negara-negara yang luas seperti Inggris, Mauritius dan Australia."
Eyes Spice,GOODS,1F,Eyes Spice Softlens
Famous Amos & DG Chocolate Gallery  ,FOOD,GF,"Famous Amos Cookies berdiri sejak 1997, fresh home-baked chocolate chip cookies bisa dinikmati di outlet kami. DG Chocolate Gallery menantang anda untuk merasakan kualitas produk cokelat kami. Kenikmatan murni akan membuat mimpi anda menjadi nyata."
Frank & Co,GOODS,GF,"Frank & co. adalah perusahaan perhiasan yang ahli di bidangnya, dengan berbagai macam koleksi uniknya.
Kami mengolah berlian sesuai dengan prosedur yang tepat dan memilih yang terbaik dari yang terbaik untuk mengubahnya menjadi harta paling mempesona."
Ginza Nail ,SERVICE,1F,Ginza Nail merupakan nail art pertama yang menggunakan teknologi kuku & nail art terbaru dari Jepang dan USA dengan harga terjangkau. Salon kami menggunakan peralatan professional Nail Service & Waxing.
Giordano,FASHION,1F,
Gokkana Teppan,FOOD,GF,"GOKANA yang dalam bahasa Jepang berarti “mewah”, hadir menyuguhkan konsep yang berbeda, dengan kemewahan interior, menu, dan rasa yang istimewa. Menu-menu yang disajikan merupakan menu dengan bahan berkualitas tinggi. Proses pemasakan menggunakan konsep “cook by order”, dimana makanan dimasak setelah ada pesanan dari customer."
Golden Lamian ,FOOD,GF,Lamien terbaik di kota dengan kaya cita rasa istimewa dan penuh kesegaran.
Gramedia ,GOODS,2F,"Gramedia Asri Media adalah anak perusahaan Kompas Gramedia yang menyediakan jaringan toko buku dengan nama Toko Buku Gramedia di beberapa kota di Indonesia dan Malaysia. Perusahaan ini didirikan pada tanggal 2 Februari 1970 dengan diawali dari satu toko buku kecil berukuran 25m² di daerah Jakarta Barat dan sampai tahun 2002 telah berkembang menjadi lebih dari 50 toko yang tersebar di seluruh Indonesia. Selain menyediakan buku, Toko Buku Gramedia menyediakan berbagai produk lain seperti alat tulis, perlengkapan kantor, alat olahraga, alat musik, dll.
Perusahaan ini bekerja sama dengan penerbit-penerbit buku baik dalam maupun luar negeri. Dari kelompok usahanya sendiri, pemasok ke Toko Buku Gramedia antara lain adalah Gramedia Pustaka Utama, Elex Media Komputindo, Gramedia Widya Sarana, Bhuana Ilmu Populer, dan Gramedia Majalah, sementara dari luar negeri misalnya Prentice Hall, McGraw Hill, Addison Wesley, dll.
Pada 9 Mei 2015 Gramedia meluncurkan konsep dan logo baru, konsep baru ini mengusung New Experience, yaitu konsep toko buku Gramedia yang dibagi dalam ruang atau chamber berdasarkan tema yang beragam. Konsep ini diterapkan pertama kali di Toko Buku Gramedia Central Park. Sedangkan untuk logo barunya, merupakan logotype dengan huruf ""G"" dan tulisan GRAMEDIA yang memiliki makna kreativitas, fleskibilitas, kemajuan, perubahan, dan kekuatan untuk memberikan ide dan insipirasi dalam mencerdaskan kehidupan bangsa Indonesia"
Greenology,FOOD,GF,Hidup sehat dan masih bisa menikmati suguhan lezat? Kenapa tidak? kami memiliki Greenology
GS Shop ,GOODS,2F,"Your One Stop Gaming Solution!
GSSHOP adalah video game superstore terbesar di Indonesia.
Kami menawarkan beragam pilihan untuk video gim, board gim, trading card gim, dan variasi keren aksesoris gim.

GSSHOP juga dealer resmi untuk PlayStation, Nintendo, MSI, Razer, HYPERX, POKEMON dan masih banyak lagi.
Toko kami menjadi pilihan favorit untuk keluarga dan para pecinta gim dalam pusat perbelanjaan modern yang tersebar di Indonesia.
Kami menyediakan barang garansi resmi dan berkualitas tinggi yang sangat cocok untuk kebutuhan gaming.

Motto kami adalah ""Jelas Barangnya Jelas Garansinya""
GSSHOP menyediakan keamanan dan kenyamanan dalam pembelian produk gaming.
Dan selalu menjadi yang terbaru dalam kelengkapan produk gaming untuk Indonesia!"
Guardian ,GOODS,GF,"Memulai bisnisnya di Indonesia sejak tahun 1990, Guardian merupakan pelopor dalam industri kesehatan dan kecantikan dan jawaban dari kebutuhan konsumen terhadap onestop- shopping pharmacy."
Guess,FASHION,GF,
Guldens Mice,FOOD,3F,Taste Is Our Pride
Gyukaku,FOOD,GF,"Gyu-kaku menjadi pilihan nomor 1 untuk restoran daging panggang dan saat ini sudah buka 600 toko di Jepang dan 30 toko di luar negeri khususnya di Asia. Shabu-shabu biasanya disajikan dalam suasana yang formal, Onyasai mengubah aturan ini dengan kualitas tinggi, daging yang lezat dan sayuran melimpah disajikan dengan suasana yang nyaman dan santai"
H&M,FASHION,1F,"Hennes & Mauritz AB (H&M) adalah perusahaan pakaian ritel multinasional Swedia yang menawarkan mode dan kualitas dengan harga yang berkelanjutan untuk wanita, pria, remaja, dan anak-anak. Rentang ini mencakup segala sesuatu mulai dari pakaian gala yang berkilau dan kolaborasi desainer eksklusif hingga dasar-dasar sehari-hari dan pakaian yoga berkinerja tinggi untuk membantu penggemar fashion di seluruh dunia berpakaian dengan gaya pribadi mereka."
Haagen-Dazs ,FOOD,GF,"Lezat, es krim premium dibuat hanya dengan bahan-bahan berkualitas tinggi. Tidak ada yang lebih baik dari ini."
Haircode ,SERVICE,2F,Nikmati tampilan baru dengan tim stylist profesional Haircode
Havaianas,GOODS,1F,"Havaianas (diucapkan: ah-vai-yah-nas) telah menyebarkan semangat Brasil di seluruh dunia sejak 1962, dengan sol karet ikonik dan desain cerah serta menyenangkan, musim panas yang terkenal. Merek ini sekarang dijual di lebih dari 100 negara di seluruh dunia dengan lebih dari 400 model dan desain baru setiap tahun, dan terus dibuat di tempat kelahirannya, Brasil. Saat ini, merek 'asli' flip-flop dikenal secara global untuk kenyamanan, musim panas Brasil, kebebasan dan kemitraan yang menarik."
Headquarters ,SERVICE,2F,"Headquarters membidik eksekutif & keluarga muda sebagai target pasar. Dengan konsep “First Class Service”, Headquarters telah menjadi destinasi salon favorit. Komitmen kami adalah menyediakan layanan dan pengalaman yang dibutuhkan pelanggan seiring dengan perkembangan gaya hidup urban."
Hey! Kafe,FOOD,3F,HEY! Kafe minuman kekinian yang segar dan nikmat dengan harga terjangkau. Yuk Nikmati HEY! Kafe
HG Cakes and Bakery ,FOOD,3F,"HG Cake & Bakery memberi Anda rasa lezat, aroma segar, dan godaan manis. HG Cake & Bakery adalah cara yang tepat untuk memilikinya."
Hop Hop ,FOOD,3F,"Hop Hop adalah minuman unik yang memiliki lebih dari 20 rasa buah-buahan serta coklat yang berbeda. Dikemas dalam 400 ml gelas plastik yang diisi dengan ice blended yang segar serta berbagai rasa ditambah menggunakan Pearl Bubble yang berbahan dasar tapioka alami. Chocolate, strawberry, bubble gum and taro adalah menu pilihan pengunjjung.."
Huawei,GOODS,3F,"Sebagai salah satu dari tiga kelompok bisnis Huawei, Huawei Consumer BG adalah pemimpin dari semua kehidupan AI yang indah, mencakup smartphone, PC dan tablet, perangkat broadband seluler, perangkat keluarga dan perangkat layanan cloud. Huawei Consumer BG didedikasikan untuk memberikan teknologi terbaru kepada konsumen dan berbagi kebahagiaan kemajuan teknologi dengan lebih banyak orang diseluruh dunia. Terus berjalan dan wujudkan mimpi."
Hush Puppies ,FASHION,1F,"Sejak tahun 1958, Hush Puppies telah memimpin revolusi gaya hidup kasual. Yang pertama dari jenisnya, alas kaki lembut dan santai, ditujukan untuk anda"
Ice Gentong ,FOOD,3F,"Ice cream gentong menggunakan freezer berbentuk gentong kayu untuk menyimpan Eskrimnya, sangat unik untuk dilihat"
Ichiro ,FOOD,3F,"Ichiro berada dalam peringkat atas “best ramen” dengan ciri khasnya “the silky broth with homemade noodle"" dan food filosofi tanpa MSG atau perasa sintetis. Ichiro memberikan kepuasan di berbagai negara: “The Most Awesome RAMEN”, “Hongkong Hottest Hole” (CNNGO ), “First of The Top Five Ramen Shops” (Asia Tattler Dining), “The Longest Queque but Worth The Visit (TimeOut)."
Iga Bakar Lombok,FOOD,3F,
Imperial Kitchen ,FOOD,3F,"Imperial Kitchen & Dimsum AEON Mall BSD City adalah outlet kami yang ke 18, Imperial Kitchen menyediakan menu favorit antara lain aneka macam dimsum yaitu : hakau , siew mai ,bakpoo telur asin dll , dan kita juga ada menu lamian dengan cita rasa yang unik dan sangat digemari serta penyajiannya langsung bisa dilihat oleh customer. Kami juga menyediakan berbagai menu dessert pilihan antara lain snow ice bercita rasa tinggi dan berbagai menu minuman lainnya yaitu : es cendol durian, strawberry mojito, es cincau dll."
Innisfree,GOODS,GF,innisfree adalah brand kecantikan pertama asal Korea Selatan yang mengusung konsep alami dan menggunakan bahan alami asal pulau Jeju. innisfree didirikan pada tahun 2000 dan hadir di Indonesia sejak tahun 2017.
Ixobox ,SERVICE,2F,"MERAPIKAN & MEMOTONG RAMBUT adalah merupakan KEAHLIAN kami. Kami mengerti bahwa penampilan seseorang itu sangatlah penting, oleh karenanya kami selalu memberikan kualitas dan MODEL rambut yang sesuai dengan kepribadian dan keinginan para pelanggan. Di atas semua itu, kami senantiasa peduli dengan KESEHATAN, WAKTU & UANG Anda."
K-Somsa Cotton Candy,FOOD,3F,
Kangkung Bakar,FOOD,3F,
KFC ,FOOD,3F,KFC Jagonya Ayam!
KFC ,FOOD,3MF,KFC Jagonya Ayam!
Kiddycuts ,SERVICE,2F,"Anak Anda sulit diajak gunting rambut? Datang saja ke Kiddy Cuts. Difasilitasi tontonan film favorit dan play station, aktifitas gunting rambut menjadi menyenangkan. Ditangani oleh hairstylist profesional dan area yang higienis, anak Anda pasti akan merasa nyaman di Kiddy Cuts."
Kids & Beyond,GOODS,2F,Kids&Beyond is coming for you!
Kids Icon & Curly ,FASHION,2F,"Kids Icon adalah sebuah brand pakaian khusus untuk anak-anak yang dibuat dengan gaya kekinian, fashionable dan nyaman untuk dipakai."
Kidz Station ,GOODS,2F,"Kidz Station adalah toko anak-anak yang paling dikenal di Indonesia, dan telah memberikan kegembiraan pada anak-anak selama 15 tahun dengan mainan-mainan populer, pakaian dan alas kaki dengan merk terkenal."
Koi Cafe ,FOOD,1F,"KOI Cafe adalah outlet teh & kopi yang berasal dari Taiwan, dioperasikan oleh 50嵐(“50 Lan”), merupakan outlet minuman terpopuler di Taiwan dengan jumlah melebihi 500 outlet. KOI Cafe memiliki prinsip menyiapkan minuman just-in-time untuk mempertahankan cita rasa terbaik."
Kokuo Reflexology ,SERVICE,3MF,"""Koku? Eastern Reflexology adalah griya pijat kesehatan untuk keluarga berdiri pada tahun 2OO3.

Semua tenaga terapis Koku? Eastern Reflexology adalah terapis yang handal dan professional, sesuai dengan motto kami “Memberikan Pelayanan Terbaik Kepada Pelanggan”.

Perpaduan teknik refleksi China dan Jepang dengan teknik tradisional Indonesia yang dipakai di Koku? telah terbukti keampuhannya untuk kebugaran tubuh kita. Suasana yang sejuk, hening dan nyaman di Koku? pun akan membantu untuk mendapatkan kesegaran jiwa kita."""
Kopi Janji Jiwa,FOOD,GF,"Janji Jiwa mengadopsi konsep fresh-to-cup yang menyajikan pilihan Kopi Lokal Indonesia. Penyajian kami yang trendi dan tetap menghadirkan produk-produk klasik bercita rasa kopi adalah janji kami.
Untuk menjaga kualitas mutu kami memakai biji yang dibeli langsung dari petani serta diproses secara teliti, kami juga memanggang biji kopi tersebut dengan standar international oleh roaster yang berkompeten sehingga menjamin cita rasa yang konsisten saat diminum.
Dengan pengalaman lebih dari satu dekade, Janji Jiwa juga berhasil menemukan cara untuk menghasilkan produk-produk berkualitas dengan harga yang terjangkau

Jiwa Toast :
Ready, set, toast!
Jiwa Toast hadir untuk memberikan gaya baru dalam menikmati toast bread. Dengan konsep simple dan cita rasa yang khas, Jiwa Toast hadir untuk melengkapi gaya hidup yang dibentuk oleh Kopi Janji Jiwa.
Seperti layaknya Kopi Janji Jiwa, Jiwa Toast dipersiapkan dengan berbagai bahan dasar berkualitas terbaik dan dibuat secara fresh oleh juru masak yang sudah berpengalaman. Dengan hadirnya Jiwa Toast, cita rasa dari Kopi Janji Jiwa akan semakin lengkap dan sesuai dengan selera konsumen."
Kopi Kenangan,FOOD,1F,Kopi Kenangan merupakan toko kopi non-waralaba yang tumbuh paling cepat di Indonesia. Gagasan Kopi Kenangan dimulai karena para pendiri memiliki misi untuk menyebarkan hasrat mereka terhadap kopi Indonesia.
Krispy Kreme ,FOOD,GF,"Krispy Kreme Corporation adalah pemilik ritel Internasional dari produk doughnut berkualitas premium termasuk produk signature Original Glazed doughnut. Bermarkas di Winston-Salem,N.C. Perusahaan yang menawarkan kualitas doughnut dan kopi terbaik sejak didirikan tahun 1937. Saat ini, Krispy Kreme terdapat di lebih dari 1.001 gerai di 97 negara seluruh dunia. Untuk pertama kalinya Krispy Kreme membuka gerai berkonsep baru, lengkap dengan jendela Processing yang menawarkan pengalaman pembuatan doughnut."
Kwetiaw 28 AHO ,FOOD,3F,
L'Occitane ,GOODS,GF,"L'Occitane en Provence menyediakan produk perawatan tubuh, wajah, dan wewangian ke berbagai penjuru dunia. L'Occitane didirikan pada tahun 1976 oleh Olivier Baussan di Manosque, Perancis. Baussan memanfaatkan antusiasmenya terhadap kekayaan alam yang paling berharga dan menciptakan perusahaan kosmetik berdasarkan minyak saripati dan kandungan alami."
Lash Inc ,SERVICE,2F,"Lash Inc telah hadir di Aeon Mall BSD City meyediakan service pemasangan bulu mata yang nyaman, paket Korean Vitamin C Glow facial untuk pengencangan dan pencerahan wajah dan Brow Henna."
Laxmi Tailor ,FASHION,1F,"Didirikan sejak tahun 1949, LAXMI Tailors terus melayani klien setia kami dengan pelayanan memuaskan dalam layanan Bespoke Custom Tailoring. Kami menyediakan banyak pilihan pakaian premium untuk Suits, Kemeja, Celana dan Batik yang dibuat secara mahir oleh penjahit-penjahit kami. Kami juga menyediakan layanan alteration (perubahan) pakaian untuk laki-laki dan perempuan."
Le Coq ,FASHION,GF,"Dengan lebih dari 135 tahun sejarah sebagai merek olahraga tertua di Prancis, Le Coq Sportif telah berkomitmen untuk melengkapi atlet dengan produk terobosan. Terinspirasi oleh semangat Prancis, kami telah menyatukan olahraga dan fashion dengan kepekaan dan keberanian, untuk mencapai keseimbangan."
Le Viet & Hochito,FOOD,2F,"Rasakan sensasi citra rasa kopi Vietnamese & waffle Prancis di LeViet.
Siap-siap untuk ketagihan!"
Levi's ,FASHION,1F,"Levi’s original concept store menampilkan summer collection dengan berbagai macam produk seperti coolmax, 501 Thermo jeans, girls short, skirt, dresses dan alternative length bottom, perfect untuk tampil cool & chic."
Liang Crispy Roll,FOOD,GF,
Little X Eight ,FASHION,2F,"Little X Eight diciptakan untuk memenuhi kebutuhan fashion anak-anak urban yang aktif, yang senang bermain dan tetap terlihat modis. Little X Eight menawarkan koleksi kasual untuk kegiatan outdoor aktif anak-anak dan koleksi smart-casual untuk kegiatan sosial dalam ruangan mereka. Setiap produk dirancang dengan mempertimbangkan anak-anak: mudah dipakai dan nyaman dengan detail inovatif dalam bahan, desain, dan polanya."
"Lock & Lock with Hello, Bebe ",GOODS,2F,"Lock & Lock is a household products company headquartered in Seoul, South Korea. Since its establishment in 1978, Lock & Lock has been exporting products to 119 countries worldwide The company has a wide range of products categories for food containers, cookware, tumbler and water bottle."
Lokal Coffee,FOOD,GF,
Loly Poly,GOODS,3F,PT. Mega Sukses telah berhasil menunjukkan eksistensinya di dunia teknologi sebagai perusahaan retail aksesori terbesar di Indonesia. Kami melayani semua customer dari segala segmen dengan berbagai macam model dan tren untuk handphone dan fesyen aksesori serta gadget melalui jaringan retail brand kami Loly Poly Love Poly Macson.
"Love, Bonito",FASHION,1F,"Love, Bonito hadir di Indonesia sejak Mei 2015. Kami berharap untuk dapat menginspirasi banyak wanita di Indonesia untuk lebih percaya diri. Dengan kualitas bahan yang baik serta ukuran yang sesuai dengan proporsi tubuh wanita Asia, kami yakin setiap wanita dapat berpakaian dengan baik. Mengusung tagline, ""Empowering Women Through Confidence"", misi kami adalah untuk menginspirasi dan membangun kepercayaan diri wanita melalui fashion. Kini Love, Bonito telah memiliki strong retail presence di Singapura, Indonesia, Malaysia, dan Kamboja."
Lukumades,FOOD,GF,"Lukumades menyediakan donut bite-sized yang merupakan greek doughnut buatan tangan dengan sentuhan modern yang sudah dikenal sejak 2016 di Melbourne, Australia."
Maison Tatsuya ,FOOD,GF,"Maison Tatsuya, Teppanyaki Jepang dengan harga terjangkau. Interior yang nyaman dan kontemporer telah menjadi ciri khas restoran kami. Kami siap memanjakan Anda dengan keluarga atau kerabat tercinta Anda."
MAKE OVER ,GOODS,1F,"Make Over Cosmetics adalah kosmetik profesional dengan rangkaian lengkap warna, tekstur dan fungsi untuk setiap kategori produk."
Marie Claire,GOODS,1F,"Marie Claires Anda seperti sahabat Anda; mereka mengerti Anda, mereka senang menemani Anda ke mana pun Anda pergi, dan mereka akan membantu Anda terlihat terbaik sepanjang hari dan malam. Dari hari yang sibuk di kantor, hingga malam yang menyenangkan di Paris, London atau Milano, Marie Claires Anda ada di sisi Anda. Gaya modis, pengerjaan indah, dan gaya terjangkau, Anda selalu dapat mengandalkan Marie Claires Anda."
Max Fashions,FASHION,2F,"Max Fashions, value fashion brand dari Dubai – Timur Tengah, menawarkan berbagai pilihan produk dari fashion, pakaian olah raga, pakaian dalam, sepatu, tas dan aksesoris untuk laki-laki, wanita, dan anak-anak. Dengan 200 style dibawah Rp 149.000, Max menjadi destinasi belanja bagi keluarga."
McDonald's,FOOD,3F,Rasakan lezatnya berbagai pilihan Es Krim dengan berbagai topping yang pasti Anda suka.
Melissa ,FASHION,1F,"""Didirikan pada tahun 1979, Melissa dikenal di Brazil dan di seluruh dunia untuk pekerjaan kuratorialnya dalam fashion, seni dan desain, dengan melakukan pengambangan menggunakan bahan baku plastik.. Kembali di tahun 80-an, mereka menandatangani kemitraan internasional pertama mereka kesepakatan dengan perancang busana terkenal Jean Paul Gaultier, kemudian mengangkat spanduk kemewahan yang terjangkau dan demokratisasi desain."
Men Men Ramen,FOOD,3F,
Menya Sakura,FOOD,3F,"Menya Sakura pertama kali dibuka di Showa-ku, Nagoya bulan april 2010. Bermula dari restoran kecil dengan hanya 9 meja dan kursi, sekarang kami berkembang dan telah memiliki 20 restoran di Jepang."
Mi Home ,GOODS,3F,"Tulisan ""MI"" pada logo kami merupakan singkatan dari Mobile Internet. Singkatan ini juga memiliki arti lain, salah satunya adalah ""Mission Impossible"" karena setelah mendirikan Xiaomi, terdapat banyak hambatan yang terlihat mustahil untuk dihadapi pada saat itu."
Midas Xchange ,SERVICE,GF,"MIDAS XCHANGE VALASIA Money Changer adalah salah satu pedagang valuta asing berizin sesuai dengan ketentuan Bank Indonesia. Kami selalu berusaha yang terbaik untuk memberikan kepuasan kepada pelanggan kami. Kami menerima uang asing kertas, koin baru /lama, kondisi bagus / rusak."
Minimal,FASHION,2F,
Miniso,GOODS,2F,"Miniso merupakan penjual barang-barang murah yang berasal dari Cina yang menyediakan barang  kebutuhan rumah tangga dan barang konsumsi seperti kosmetik, alat tulis, mainan, dan peralatan dapur.  Sekarang Miniso telah berkembang di luar pasar Cina dan mengoperasikan 1.800 toko di Asia, Eropa, Australia, Afrika, dan benua Amerika."
Mo-Guri,FOOD,3F,1st Authentic Korean Corndog
Mothercare & Early Learning Center,FASHION,2F,
Nanny's Pavillon,FOOD,GF,
Nathalie Kids,FASHION,2F,
New Era ,FASHION,1F,New Era Cap Co. adalah merek gaya hidup internasional dengan warisan olahraga otentik yang telah berusia lebih dari 90 tahun.
Nike ,FASHION,GF,"Nike memiliki misi ""To bring inspiration and innovation to every athlete in the world"" Co-founder Nike, Bill Bowerman berkata ""If you have a body, you are an athlete"". Nike menjadi sport brand nomor satu di dunia dengan produk yang inovatif, berteknologi tinggi dan desain yang menarik."
Noodle King ,FOOD,3F,"Noodle King adalah makanan Korea asli, dibuat oleh koki Korea."
Noodle King ,FOOD,3MF,"Noodle King adalah makanan Korea asli, dibuat oleh koki Korea."
Nuansa Musik,SERVICE,3MF,
One Zo,FOOD,GF,"Hadir sebagai terobosan dari Taiwan, OneZo merupakan brand bubble tea pertama di dunia dengan boba segar yang dibuat setiap hari. Pelanggan bisa menikmati dan menelusuri setiap rasa baru dan menarik dari varian bubble tea kami yang segar dan kreatif, seperti black sesame, mangga, dan brown sugar. Berbeda dengan rasa lain yang pernah ada, OneZo akan selalu membuatmu ingin kembali lagi."
Ootoya ,FOOD,GF,"Menyajikan menu ""Teishoku"" terbaik yang terasa seperti masakan rumah. ""Teishoku"" merupakan makanan otentik tradisional Jepang dengan bahan-bahan natural alami, dimana setiap set menu mengandung gizi dan nutrisi yang seimbang serta dilengkapi dengan nasi, miso sup dan pickles."
Optik Melawai ,GOODS,1F,"Optik Melawai menghadirkan kacamata, sunglasses, lensa dan lensa kontak merk ternama. Kami memilikai laboratorium dengan mesin berteknologi tinggi sehingga menghasilkan lensa dengan kualitas dan akurasi terbaik."
Optik Seis ,GOODS,1F,"Optik Seis berdiri sejak tahun 1927 dan menjadi optik profesional pertama dengan memiliki visi untuk menjadi yang terbaik. 
Optik Seis memiliki misi untuk memberikan produk dan pelayanan yang terbaik bagi customer."
OshKosh & B'gosh,FASHION,2F,
Ow My Plate,FOOD,3F,"Berawal dari Founder yang berjiwa Enterpreneur dan menyukai Kuliner, kemudian menciptakan brand YAMM KE KO pada tahun 2010 untuk produk Spesialis Ayam Kampung siap saji yang diolah khusus dengan mengutamakan bahan-bahan dasar berkualitas tertinggi yang dipilih dengan cermat dan diseleksi satu per satu, sehingga yang dijual adalah ayam kampung yang berkualitas. Seiring berjalannya brand YAMM KE KO semakin berkembang mulai dari Online sampai memiliki belasan Outlet di Ranch Market, Farmers Market, Food Hall, Fresh Market, Market City, Jakarta Fruit Market.
Setelah menjalani beberapa tahun dan melihat perkembangan kuliner nusantara, didukung Passion yang dimiliki Founder kemudian kami mulai mengembangkan usaha yang lebih kekinian dan dapat dinikmati semua kalangan, mulai dari anak-anak, remaja, keluarga muda dan orang tua dengan terus melakukan research dan inovasi sesuai dengan perkembangan zaman dalam bidang Makanan dan Minuman. Sehingga hadirlah brand-brand yang kami jalankan saat ini berawal dari merambah ke bisnis Restoran dengan menciptakan brand OW MY PLATE karena melihat peluang berbisnis kuliner Hot Plate Indonesia. Selanjutnya lahirlah brand OW MY CAFE, BOBAL dan OYAKA."
OWL Eyewear,GOODS,2F,"O.W.L is a brand that marries culture of excellence and attention paid to details to create a perfect alchemy between aesthetics and technology. Owl's frames are more than just glasses, they are works of art. O.W.L was founded in 2014 to provide prescription glasses, sunglasses and non-prescription polarized sunglasses at all in one price to the style savvy. We deal directly with the source of our raw materials and manufacturer to produce high quality acetate, metal, titanium and TR90 from Korea."
Payless,FASHION,2F,"Payless Shoesource adalah salah satu retailer sepatu terbesar di dunia. Brand asal Amerika ini menawarkan beberapa produk seperti sepatu, tas, dan aksesori lainnya. Produk yang ditawarkan cocok untuk anak-anak, remaja, pria dan wanita. Kunci kesuksesan Payless adalah memberikan kombinasi produk trendi dengan harga yang terjangkau, dilengkapi dengan tempat berbelanja yang nyaman dan besar."
Pedro,FASHION,1F,Memperkenalkan alas kaki dan aksesori dalam segala gaya dan modernitas.
Pepperlunch,FOOD,GF,"Pepper Lunch dibuat pada tahun 1994 oleh koki dan penemu Kunio Ichinose, yang ingin menyajikan makanan cepat saji berkualitas tanpa menyewa koki. Dia menyusun metode menggunakan pelat logam panas yang dipanaskan hingga 500 derajat Fahrenheit (260 Celcius) oleh kompor elektromagnetik."
Pizza Marzano ,FOOD,GF,Pizza Marzano merupakan brand global yang menawarkan pizza yang menggugah selera dan disajikan dengan ciri khas tersendiri.
Planet Sports. Asia,FASHION,GF,"Planet Sports merupakan toko olahraga dan gaya hidup terbesar di Indonesia dari MAP Active. Menawarkan berbagai jenis perlengkapan olahraga dan gaya hidup seperti baju, sepatu, tas, raket, bola dan aksesoris olahraga lainnya dari brand international terkenal seperti: Nike, Adidas, Reebok, Puma, Skechers, Asics, Timex, Speedo, Converse dan masih banyak lainnya. Planet Sports adalah destinasi utama bagi para pencinta olahraga dan menyukai penampilan yang sporty dan modern."
Pocoyo,FOOD,3F,
Polo,FASHION,GF,"Ralph Lauren Corporation adalah perusahaan Amerika yang memproduksi produk-produk fashion kelas menengah hingga mewah. Mereka dikenal untuk pakaian, pemasaran dan distribusi produk dalam empat kategori: pakaian, rumah, aksesori, dan wewangian."
Pop Chop,FOOD,GF,"Dua keunggulan Pop Chop dibandingkan kedai ayam goreng khas Taiwan lainnya adalah, bahwa dagingnya berkarakter tipis namun juicy, dan disajikan dengan bumbu gurih yang beragam."
Popolamama,FOOD,GF,"Popolamama (berawal dari Jepang) menggabungkan seni dan kesempurnaan teknik Jepang ke dalam seni pembuatan pasta segar ala Italia, membawa rasa yang benar-benar kaya dan memberikan kebahagiaan serta kepuasan kepada siapa saja yang menikmatinya."
Posh Jewelry,GOODS,GF,Menyediakan beragam jenis dan bentuk berlian berkualitas tinggi dengan standar internasional dengan desain elegan.
Potato Corner ,FOOD,3F,
Puyo,FOOD,2F,"Puyo Desserts hadir untuk memberikan kenikmatan melalui silky dessertnya yang disukai oleh segala kalangan, mulai dari anak-anak, remaja dan bahkan orang tua. Sampai sekarang, Silky Desserts dan Silky Drinks dari Puyo Desserts selalu sukses memuaskan keinginan pelanggan setianya di segala kesempatan."
Ramen Seirock-ya,FOOD,3F,"Semua Menu kami terbuat dari NO PORK. Pertama kali Seirock-ya didirikan di Tsukuba City, Jepang tahun 2009 oleh Izuru Ozeki. Dan terus memperluas cabang lagi. SEIROCK-YA juga menjadi juara di festival Ramen, dan mewakili Jepang di Tokyo Spain Food festival di bidang Ramen tahun 2013. Pada tahun 2014, membuka cabang baru MATSUDA-YA, Nihonbashi, Tokyo. Dan toko pertama kami di Indonesia yaitu di AEON Mall BSD City."
REJUVE ,FOOD,3F,"Rantai jus dingin asli & terbesar di Indonesia, 55 toko di sekitar Jabodetabek. Jus terbaik yang mungkin Anda miliki"
Rip Curl,FASHION,GF,"Rip Curl merupakan salah satu retail fashion yang menyediakan berbagai produk apparel, sepatu, aksesoris yang berhubungan dengan surfing."
Rujak Kolam Medan ,FOOD,3F,
SAMBA ,FASHION,1F,Samba merupakan multi brand store yang menjual produk sandal dan jelly flat shoes dengan konsep tropical store.
Samsonite,GOODS,1F,"Samsonite adalah pemimpin dunia dalam hal tas travel, koper, dan aksesori unggul yang menggabungkan gaya terkemuka dengan teknologi desain terbaru dan perhatian penuh pada kualitas dan daya tahan.

Selama lebih dari 100 tahun, Samsonite telah memanfaatkan warisan desainnya yang kaya untuk menciptakan produk-produk yang tak tertandingi yang memenuhi kebutuhan gaya hidup profesional bisnis saat bepergian."
Samsung,GOODS,3F,"Samsung Experience Store New Concept (managed by Erafone) menghadirkan sebuah konsep baru yang menggabungkan modern design dan elegan yang nyaman dengan fungsi digital display dan teknologi terkini dari Samsung. Jajaran produk unggulan Samsung disusun sesuai kategori, premium product, tablet, entry level, serta kamera."
Sate Dombud,FOOD,3F,
Sate Padang Mak Syukur ,FOOD,3F,
Scandia,GOODS,2F,"Scandia is my home!
Anda dapat menemukan semua yang Anda butuhkan di Scandia. Kami menyediakan produk dan layanan dengan kualitas terbaik serta desain yang stylish untuk melengkapi kebutuhan rumah Anda. Scandia juga menawarkan kebutuhan  rumah. Mulai dari peralatan makan, peralatan dapur, perkakas, aksesoris perjalanan, serta elektronik."
Sego Tempong Bu Lis,FOOD,3F,
Shabu Shabu On-Yasai,FOOD,GF,"On-Yasai secara harfiah berarti Sayuran Hangat dalam bahasa Jepang. Di On-Yasai ""温 野菜"", 3 karakter ini mewakili makna yang sangat signifikan. ""温"" = makanan hangat dan layanan yang menghangatkan hati, ""野"" = sehat dan segar, ""菜"" = berbagai macam makanan pembuka / sayuran. On-Yasai hanya memilih sayuran segar. Daging kami juga dipilih dengan baik dan dicocokkan dengan basis sup kami. Di ""On-Yasai"", kami memiliki semua semangat dan upaya, kami dapat memberikan pengalaman bersantap yang paling menyenangkan bagi tamu. Rantai Shabu Shabu terbesar di Jepang, On-Yasai ""温 野菜"" dengan lebih dari 342 outlet,"
Shihlin Taiwan Street Snacks ,FOOD,GF,"Shihlin hadir dengan menu andalan XXL Crispy Chicken, yakni sajian dada ayam tanpa tulang yang lezat dengan digoreng memakai tepung crispy khas Taiwan dan rasanya renyah. Menu ini paling popular di setiap outlet karena memiliki rasa yang unik dengan bumbu dari rempah-rempah khas oriental hingga penyajian yang menarik"
Shortcut Barbershop,SERVICE,2F,"Dengan menawarkan konsep premium quality khususnya di bidang men’s grooming, Shortcut Barbershop hadir memberikan pengalaman baru kepada para customer dengan memberikan pelayanan terbaik. Barbershop Premium dengan konsep interior vintage look dan industrialis moderen."
Shu Shu ,FOOD,3F,
Simply ,FOOD,3F,
Skechers,FASHION,GF,"Skechers adalah perusahaan sapatu dengan model yang penuh gaya untuk pria, wanita dan anak-anak."
Sneakers 101,SERVICE,1F,Perbarui sepatu Anda
Social Affair,FOOD,GF,"Social Affair adalah kafe yang didirikan oleh Artisan Kuliner Group, yang berspesialisasi pada pastry dan kue yang selalu kami panggang sendiri setiap harinya, brunch yang terinspirasi dari budaya Australia, berbagai masakan mancanegara, dan berbagai minuman, seperti kopi, minuman berbasis cokelat, dan juga mocktail yang menyegarkan.

Pertama kali beroperasi pada tahun 2016, kami dengan bangga membuat dan memanggang produk bakery kami sendiri: mulai dari berbagai croissant dengan rasa manis maupun gurih, pilihan kue-kue yang dipajang di etalase cafe kami, hingga semua roti yang kami gunakan dalam menu makanan kami.

Pada bulan Agustus 2020 kemarin, kami juga telah meluncurkan CROFFLE orisinal yang pertama, yaitu kombinasi croissant & waffle. CROFFLE kami telah memikat hati banyak orang dan mendapat banyak perhatian di seluruh negeri.
Kami dengan bangga menggunakan bahan-bahan yang berkualitas tinggi untuk memastikan pengalaman yang memuaskan bagi semua tamu kami.."
Sociolla,GOODS,GF,
Solaria,FOOD,3F,
Sop Konro Cendana,FOOD,3F,
Soto Betawi H. Mamat ,FOOD,3F,
Soto Mie Pak Kadir,FOOD,3F,
Sour Sally,FOOD,3F,"Sour Sally adalah sebuah outlet yogurt beku revolusioner pertama di Indonesia, yang didirikan di Indonesia pada tahun 2008.Sour Sally memiliki varian rasa yogurt beku seperti Original, Green Tea, Taro, Choco Nutty, Bubble Gum, Pinklicious, Melon Mint, Black Sakura, dan lain-lain. Sour Sally juga mempunyai menu Pinklicious Waffle, aneka ragam topping dan aneka ragam smoothie."
Staccato,FASHION,1F,"Staccato adalah merek sepatu ikonik yang melambangkan rasa kepercayaan diri pada wanita.
Terinsipirasi oleh tren mode Eropa terdepan, Staccato menghadirkan koleksi sepatu paling trendi untuk sehari-hari dan segala macam acara."
Starbucks Coffee ,FOOD,GF,"Starbucks berkomitmen untuk hanya menjual kopi kacang utuh dan minuman kopi terbaik. Untuk memastikan kepatuhan dengan standar kopinya yang ketat, Starbucks mengontrol pembelian, pemanggangan, dan pengemasan kopi, serta distribusi kopi ke toko ritelnya."
Steak 21 ,FOOD,3F,"Steak 21 (baca;dua satu) adalah resto dengan spesialisasi hidangan Steak ala Asia. Menu andalan kami Prime Tenderloin,”empuk dagingnya, mantap rasanya”. Kami memiliki menu combo utk 2 org lebih hemat s/d 24 ribu. Kisaran harga makanan khusus Steak Rp.43 ribu s/d Rp.205 ribu minuman Rp.7 ribu s/d Rp.31 ribu."
Stop n Go ,SERVICE,GF,"Profesional Perbaikan Sepatu & Tas.
Pelayanan:
• Perbaikan sepatu & tas
• Perbaikan koper
• Duplikat kunci
• Pembersihan & perawatan

Produk:
• Perawatan sepatu
• Perawatan material kulit
• Sol & lem sepatu"
Sukiya,FOOD,3F,"SUKIYA Brand No.1 untuk penjualan Gyudon di Jepang. Dengan menu andalan Gyudon (Beef bowl) nasi dengan taburan irisan daging sapi dan bawang bombay yang terkenal dengan citra makanan khas Jepang yang lezat. Dari segi rasa, Gyudon (Beef bowl) yang dibuat di Indonesia tidak kalah dengan tempat aslinya. Variasi toping Gyudon (Beef bowl) yang ditawarkan juga cukup bervariasi seperti spicy mushroom, triple cheese, spring onion and egg, half boiled dan veggies. Bukan pecinta Beef? Cobalah Chicken Curry dengan kare khas Jepang. Bumbunya yang meresap sempurna membuat selera makan semakin meningkat! Jangan khawatir untuk harga, karena semua menu yang ditawarkan pasti terjangkau untuk semua kalangan."
Superwings,FOOD,GF,
Tawan,FOOD,3F,"Ta Wan berdiri sejak tahun 1996 dan memiliki 17 cabang di seluruh Indonesia. Bubur kami yang legendaris menjadi menu andalan kami yang dilengkapi dengan menu lainnya seperti Sapi Lada Hitam, Ayam Kung Pao, Lumpia Li Hong Kian, Ayam Goreng Ta Wan, Buncis Cah Sapi, Jamur Goreng Krispi,dan masih banyak lagi. Sejak outlet pertama kami berdiri, kepuasan pelanggan menjadi prioritas utama dengan memberikan kualitas dan pelayanan terbaik bagi pelanggan."
Thai I Love You,FOOD,GF,"Menu ini dibuat oleh Chef Thailand yang telah bekerja dengan grup selama lebih dari 10 tahun. Makanan yang dimasak dengan sempurna dan telah disesuaikan agar sesuai dengan selera lokal. Dari daftar minuman, Thai I Love You menawarkan pilihan mocktail yang menggoda termasuk Banana Bonkers, Green Temptation dan Orange Blossom."
The Athlete's Foot,FASHION,1F,"BE YOUR PASSION, LIVE YOUR STYLE"
The Body Shop,GOODS,GF,"The Body Shop adalah perusahaan waralaba terbesar kedua di dunia yang terkenal dengan produk-produk yang menggunakan zat herbal mulai dari Body Butter, Peppermint Foot Lotion, dan Hemp."
The Executive  ,FASHION,1F,"Memulai perjalanannya sebagai merek karier pada tahun 1984, The Executive telah berkembang menjadi merek utama Fashion saat ini. Menjadi bagian dari grup Delamibrands, Eksekutif memenuhi aspirasi atas aspirasi internasional dengan standardisasi kualitas internasional, mempertahankan prestisenya atas distribusi massa di seluruh Indonesia.

Sekarang tersedia di 60 toko yang berdiri bebas dan lebih dari 100 counter di department store terkemuka. Dengan harga terjangkau yang tajam, The Executive menawarkan nilai terbaik untuk pakaian fashion."
The Face Shop,GOODS,GF,
The SAEM ,GOODS,GF,"Saem Terinspirasi oleh Langit, Tanah, Angin, Awan, Sinar Matahari, Air, Pohon, dan Bunga di mana-mana di Dunia. Kami selalu menghargai Keindahan Alam. Ekologi Alam di seluruh dunia menginspirasi Saem."
Tori - Yo,FOOD,GF,
Tous Les Jours,FOOD,GF,"Tous Les Jours adalah waralaba roti Korea Selatan yang dimiliki oleh CJ Foodville, grup bisnis CJ Group. Tous Les Jours berarti 'sehari-hari' dalam bahasa Prancis. Tous Les Jours adalah toko roti ""Asia-Prancis"" yang menyajikan pilihan barang dan minuman roti. Ini memiliki lebih dari 1.300 lokasi di Asia dan Amerika Serikat."
Toyofuku,FOOD,GF,Toyofuku merupakan sebuah restoran terkenal di daerah Asakusa Tokyo Jepang yang menyajikan Gyoza sebagai salah satu menu andalan.
Toys City ,GOODS,2F,"Toys City sudah ada sejak tahun 1990 dan menjadi toko mainan favorit yang disukai anak dan keluarga, terbukti dengan terpilihnya Toys City menjadi Top Brand for Kids untuk tahun 2014 & 2015. Info lebih lanjut seputar Toys City bisa diakses via website www.toyscity.co.id"
Traffic ,FASHION,2F,
Uchino Shokudo,FOOD,GF,
UNIQLO ,FASHION,1F,"UNIQLO adalah perusahaan pakaian jadi, yang awalnya didirikan di Yamaguchi, Jepang pada tahun 1949 sebagai produsen tekstil. Sekarang ini adalah merek global dengan lebih dari 1000 toko di seluruh dunia. Mendefinisi ulang pakaian, dengan fokus pada kualitas dan tekstil yang telah tak tergoyahkan sejak asal perusahaan pada tahun 1949."
Urban Icon ,GOODS,1F,"Urban Icon adalah toko aksesoris utama yang menghadirkan berbagai merek jam tangan dan barang kulit di Indonesia. Customer dapat menemukan merek Urban Lifestyle di toko kami seperti Fosil, Liebeskind Berlin, Diesel, Marc oleh Marc Jacobs, Michael Kors, Karl Lagerfeld, Emporio Armani, Rip Curl, dan Melie Bianco. Berbagai merek ini memiliki gaya yang berbeda yang mewakili preferensi customer kami, namun semuanya memiliki nilai yang sama dalam memberikan gaya high street yang trendi dengan kualitas terbaik. Dengan lebih dari 20 toko di seluruh Indonesia, kami memiliki filosofi untuk membuat orang merasa istimewa dan menakjubkan."
Urban Life,GOODS,GF,"Menghadirkan pilihan produk gadget accessories, audio, lifestyle dan essentials travel dalam konsep toko yang menarik dan menawarkan pengalaman berbelanja yang nyaman, lengkap dan berkualitas. Dapatkan berbagai produk audio internasional yang lengkap seperti Bose, Marshall, Beats dan Urbanear serta pilihan gadget accessories berkualitas seperti Moshi, Ozaki, Adonit, Jabra dan Hellolulu."
Victoria Secret,GOODS,GF,"Victoria's Secret Beauty & Accessories menawarkan pelanggan akses ke beragam produk Victoria's Secret Beauty terlaris, mulai dari wewangian prestise, perawatan tubuh hingga aksesori."
Vidvie ,GOODS,3F,"VIDVIE adalah merek aksesoris smartphone internasional yang berasal dari Hong Kong dan telah hadir di 75 negara di Asia, Eropa, Amerika dan Afrika.

Kini VIDVIE hadir di AEON MALL BSD CITY, Lantai 3."
Wacoal ,FASHION,2F,
Wardah,GOODS,1F,Wardah adalah merek kosmetik halal pertama di Indonesia yang lahir dari perusahaan induk Paragon Technology and Innovation (PTI). Merek ini mengklaim mengendalikan sekitar 30% dari segmen rias pasar dan diidentifikasi sebagai satu-satunya merek kosmetik Indonesia yang mencatat pertumbuhan penjualan lebih dari 20% pada 2015-2016.
Wingstop ,FOOD,3F,"Wingstop merupakan restoran chicken wings nomor 1 dari Amerika Serikat yang menawarkan 10 rasa unik. Tidak hanya bagian sayap, Wingstop juga menyediakan drumstick, strips (daging ayam bagian dada), chicken burger dan lainnya. Wingstop menyajikan hidangan yang ‘freshly made’, artinya hidangan baru akan disiapkan ketika dipesan dan it’s worth the wait. Wingstop menghadirkan sensasi rasa yang berdimensi dan sangat cocok bagi pecinta kuliner yang tentunya akan mendapatkan pengalaman rasa. GET AT IT!"
Wood ,FASHION,1F,Fashion brand berpengalaman khusus pria yang telah hadir di industri fashion Indonesia sejak 1979. Kini WOOD hadir dengan rangkaian produk fashion yang lengkap dengan konsep baru yang mengutamakan gaya hidup urban gentleman dan memiliki aspirasi akan fashion pria muda berkualitas.
Yayang,FASHION,2F,Grand opening Mei 2015. Yayang lebih luas dan lebih lengkap.
YEN PAO ,FOOD,3F,Makanan ringan tradisional untuk seluruh keluarga! Anda harus mencoba Bakpao Yen Pao.
Yogo Yogurt,FOOD,3F,"Minuman yogurt juice yang enak, sehat, dan guilt free karena rendah kalori. YOGO menawarkan perpaduan buah asli dan yogurt yang dapat meningkatkan mood dan semangat dalam menjalani aktivitasmu."
Yole,FOOD,GF,Tingkatkan hari Anda dengan Yole.
Yomie's Rice X Yogurt,FOOD,GF,We are the purple rice x yogurt drink
Yoshinoya,FOOD,GF,"Yoshinoya (吉野家?, TYO: 9861) adalah jaringan rumah makan waralaba gyudon (beef bowl) terbesar di Jepang. Slogan Yoshinoya adalah ""Enak, murah, cepat"" (うまい、やすい、はやい umai, yasui, hayai?) yang mencerminkan pentingnya pelanggan, layanan secara pribadi, dan kualitas. Nama populer untuk Yoshinoya adalah yoshigyū (吉牛), singkatan untuk Yoshinoya no gyūdon (吉野家の牛丼, gyūdon-nya Yoshinoya)."
Yuan Market,FASHION,2F,"Kami percaya kami dapat membuat perubahan!

Di Yuan market, kami ingin menjadi pilihan untuk dapat ditempatkan ke dalam posisi brand yang diperhitungkan. Karena itu, kami bekerjasama dengan vendor-vendor terbaik untuk dapat menghasilkan produk dengan kualitas tinggi. Kami ingin berbagi cerita kami, berbagi pengalaman kami, karena itu cara yang terbaik untuk dapat menjadi yang terpercaya."
Yves Rocher,GOODS,GF,Yves Rocher adalah Brand kosmetik dan kecantikan yang mendunia. Didirikan pada tahun 1959 oleh pengusaha Prancis Yves Rocher di La Gacilly. Yves Rocher menemukan bentuk kecantikan baru yang menghormati wanita dan alam. Yves Rocher merupakan satu-satunya brand kosmetik global yang mengontrol seluruh siklus hidup produknya: dari proses bercocok tanam hingga sampai ke 30 juta kliennya. Eksklusifitas ini memungkinkan merek Yves Rocher untuk menurunkan dampak lingkungan dengan memberikan produk berkualitas tinggi kepada setiap wanita dengan harga yang terjangkau.
Zenbu ,FOOD,GF,"Zenbu terkenal dengan menu andalannya yaitu Mozaru, yang merupakan kombinasi antara nasi dengan Katsu dan di lapisi keju mozarella, ditambah berbagai homemade sauce nya dengan berbagai macam pilihan."
Zoomoov,SERVICE,2F,
