timestamp,post,reply,like,retweet,date,time
2021-07-17 21:08:17,WANITA Menangis bukan karena lemah Tapi karena gak ada duit buat mereka SHOPPING,0,0,0,2021-07-17,21:08:17
2021-07-17 18:26:03,Answer These Shopping Math Questions To Find Out How Sharp Your Mental Calculator Is http://dlvr.it/S3wYC2,0,0,0,2021-07-17,18:26:03
2021-07-17 18:20:58,Replying to @tawan_vihokrdulu window shopping skrg eye shopping lewat hp ya1,0,0,1,2021-07-17,18:20:58
2021-07-17 17:38:43,"#ETC See if i can HODL my futures ETCUSDT, hoping for the best entry point. Surely does i can go shopping other coins trough my unrealized profit. # ETC LIFE #  mainly probably #BTC  what a plan",0,0,0,2021-07-17,17:38:43
2021-07-17 17:09:24,"Hallo tweps Dk_Onlineshop menjual aneka ragam mulai dari peralatan rumah tangga,keperluan anak-dewasa,silakan cek album kami.happy shopping",0,0,0,2021-07-17,17:09:24
2021-07-17 16:31:37,"Selesai gue transaksi, gue nunggu obat sambil liat liat rak di apotik window shopping biar mata seger. Eh ketemulah tuh sanmol drops ada banyak sebelahan sama tempra yg ditawarin si mbak kasir1Show this thread",1,0,0,2021-07-17,16:31:37
2021-07-17 15:33:56,"makanan fav, shopping, nanaQuote Tweetclose.@snuwooya Â· Oct 16, 202010. Coba sebutin 3 hal yang paling kalian suka!Show this thread",0,0,0,2021-07-17,15:33:56
2021-07-17 15:08:56,People already mentioned Netflix party as a way for virtual dating. But I'm thinking something like virtual online shopping. Imagine you and your date are shopping together in Tokopedia/Blibli/Bukalapak. It can be VR or browser extensions.1Show this thread,1,0,0,2021-07-17,15:08:56
2021-07-17 14:13:01,Replying to @FWBESSBelanja bareng aja nder sekalian aku ingetin besok2 bawa shopping bag yah,0,0,0,2021-07-17,14:13:01
2021-07-17 11:09:57,"Menuju (hampir) 1 bulan, weekend beristirahat sejenak. Tapiii, window shopping via e-commerce ini juga bahaya yaa lamalama ",0,0,0,2021-07-17,11:09:57
2021-07-17 09:43:05,"lly â™¡ï¸à¼„@FamHqqÂ·Jul 17Replying to @00peterleeGa tau, kita shopping bareng",0,0,0,2021-07-17,09:43:05
2021-07-17 08:11:58,ibunya James@dinivaldianiÂ·Jul 17Hehehehe ayoookk shoppingQuote TweetShasy Pashatama@Pashatama Â· Jul 17Optimisme â¦@dinivaldianiâ© ini membuat semangat ,0,0,0,2021-07-17,08:11:58
2021-07-17 07:57:35,Ayuta@yutaberryÂ·Jul 17Barusan grocery shopping lengkap. Pengen bikin Herb Chicken with Mushroom Sauce andalanku yang super enak iniâ€¦   tapi yang bilang enak cuma diriku sendiri   Ah sudahlah.1,0,1,0,2021-07-17,07:57:35
2021-07-17 07:00:51,Sukma@Sukma532Â·Jul 17Happy shopping tweeps ^^,0,0,0,2021-07-17,07:00:51
2021-07-17 06:40:21,Riri Dahye @MochacynoÂ·Jul 17Replying to @shopping_healSkskskks enak banget kalau korek kuping btw napa kak kamu sampe trauma?1,1,0,0,2021-07-17,06:40:21
2021-07-17 05:52:32,feli @feli_umeshuÂ·Jul 17me: i feel like i need to do some retail therapy me: *goes on a minion shopping spree on MB*,0,0,0,2021-07-17,05:52:32
2021-07-17 04:38:34,vivo_indonesia@vivo_indonesiaÂ·Jul 17Yuk join Instagram live dan menangkan vivo V21 juga shopping voucher jutaan rupiah buat 3 cerita paling menarik. #vivoV2113Show this thread,0,3,1,2021-07-17,04:38:34
2021-07-17 04:00:45,"ONLINE SHOPPING@delvin_collectÂ·Jul 17IklanTerUpdate Sell Font pack,Themes BB,Icon,!!! Murah-murah dan keren loh!! Yang mau jadi reseller Ivite Pin: 275E2032 #IklanTerUpdate",0,0,0,2021-07-17,04:00:45
2021-07-17 03:35:00,M-News@mnews_idÂ·Jul 17Kemenkop UKM dan Shopee Beri Wadah Promosi bagi UMKM Lewat Program Live Shopping Produk  https://mnews.co.id/read/fokus/kemenkop-ukm-dan-shopee-beri-wadah-promosi-bagi-umkm-lewat-program-live-shopping-produk/â€¦ via @mnews_idKemenkop UKM dan Shopee Beri Wadah Promosi bagi UMKM Lewat Program Live Shopping Produk - MNewsKemenkop UKM bersama toko dalam jaringan Shopee kembali menggelar program guna memberi wadah promosi bagi produk UKM di masa pandemi.mnews.co.id,0,0,0,2021-07-17,03:35:00
2021-07-17 03:30:41,ONLINE SHOPPING@delvin_collectÂ·Jul 17Chek Foto2 Tema BB Di sini Klik https://facebook.com/pages/Themes-And-Font/238520422980421?sk=photos_albumsâ€¦,0,0,0,2021-07-17,03:30:41
2021-07-17 02:57:53,Khalid@khalidsÂ·Jul 17Replying to @mhfzhshm @fazsham and @ZachyFernandezYa. Gaza ni bukan shopping mall ingat senang senang masuk keluar.12,1,2,0,2021-07-17,02:57:53
2021-07-17 02:09:33,"Dk Onlineshop@Dk_OnlineshopÂ·Jul 17Males kemana- kemana, tapi pengen belanja? Ga usah Khawatir Belanja aja di Shopping OnLine #dk_onlineshop",0,0,0,2021-07-17,02:09:33
2021-07-17 00:30:07,"Dimas Padmanegara@dimashadi1103Â·Jul 17Replying to @muispebriantoYess! thanks and happy weekend stay home okay ...no hang out l, no shopping no road bike, hehe ",0,0,0,2021-07-17,00:30:07
2021-07-17 00:20:51,"Katerine Wen@katerine_wen14Â·Jul 17Hari ini masih gitu2 aja dapetin duit?? hellloooww, f2fkoin nih bakalan bagi kita pendapatan ga terbatas bgt, sampek puas deh pokoknya hasilin uang disini. bisa shopping tiap hari kek sultan. yuk lnjut dr DM aja, kuyy...  #f2f #f2fkoin #klaimkupongratis #redmario2",0,2,0,2021-07-17,00:20:51
2021-07-16 16:32:26,,1,0,0,2021-07-16,16:32:26
2021-07-16 15:11:21,Beber@berliana_beberÂ·Jul 16Replying to @shopping_healAAAAAAKKK LETS GOOOOO ,0,0,0,2021-07-16,15:11:21
2021-07-16 15:10:31,Beber@berliana_beberÂ·Jul 16Replying to @shopping_healDah bole blg finally blm ni gue?!1,1,0,0,2021-07-16,15:10:31
2021-07-16 14:06:03,BeritaSatu@BeritasatuÂ·Jul 16Kemkop dan UKM dan Shopee Berkolaborasi Lewat Program Live Shopping Produk UKM untuk Memberi Wadah Promosi Produk UKM https://brt.st/7iuH2,0,2,0,2021-07-16,14:06:03
2021-07-16 12:44:41,humblegod@rrrrraflaÂ·Jul 16Replying to @shopping_heal1,1,0,0,2021-07-16,12:44:41
2021-07-16 12:33:23,em@emawulandrÂ·Jul 16Replying to @kenthangbakarrshopping jajan jalanjalan,0,0,0,2021-07-16,12:33:23
2021-07-16 12:14:39,"ğğğšğœğ¡ğ‘–ğ‘ ğ†ğ«ğğ² ê¨„ï¸â¤ï¸â¥ï¸@PeachisGreyÂ·Jul 16Replying to @CaratShopINAhttps://shopee.co.id/product/10524315/4375662425?smtt=0.10525612-1626435111.9â€¦ Qda versi unsealed jg mampir aja k sana yaaa.. happy shoppingYourChoice Album all version available for now | Shopee IndonesiaAlbum ready stok. jika ingin POB harga berbeda, boleh chat dulu per request from line chat or twitter Jual YourChoice Album all version available for nowshopee.co.id",0,0,0,2021-07-16,12:14:39
2021-07-16 12:03:37,"Plaza Senayan@PlazaSenayanÂ·Jul 16Beda cerita kalau belanja! Plaza Senayan memang terkenal dengan slogan luxurious shopping dengan berbagai tenant di bidang fashion.  Back in the â€˜90s, store apa yang playing sering kamu kunjungi buat belanja?  #PlazaSenayan #WhatsOnPlazaSenayan #PS90sthrowback1Show this thread",0,1,0,2021-07-16,12:03:37
2021-07-16 10:46:55,"Books & Beyond@booksbeyond_idÂ·Jul 16SALE, SALE, FLASH SALE!!   Akan ada flash sale di Shopee Books&Beyond Official Store nih Friends  Pasti kalian gak mau ketinggalan kaan?   Pasang alarmnya di jam 9 malam nanti yaa   Happy Shopping  https://shopee.co.id/booksbeyond_id1",0,0,1,2021-07-16,10:46:55
2021-07-16 08:57:01,"Mirah Fadillah@mierfadillahÂ·Jul 16Sejak ada anak, hobi gw jadi belanja brgÂ² buat anakÂ². Tapi kan gw g selalu punya uang. Akhirnya gw & tmnÂ² bikin jastip belanja barangÂ² bayi. Seru banget loh, apalagi kalau live shopping d pameran, berasa kayak sultan. @danamon #Danamon65 #danamonberbunga @mannuragie @arianiamalia1",0,1,0,2021-07-16,08:57:01
2021-07-16 07:33:35,Liputan6.com@liputan6dotcomÂ·Jul 16KemenkopUKM Gandeng Shopee Gelar Program Live Shopping Bantu Penjualan UMKMKemenkopUKM Gandeng Shopee Gelar Program Live Shopping Bantu Penjualan UMKMKementerian Koperasi dan UKM berkolaborasi bersama marketplace Shopee menggelar sebuah program inisiasi menarik.liputan6.com1,0,1,0,2021-07-16,07:33:35
2021-07-16 06:46:15,Hahaha@hahahanjiingÂ·Jul 16https://9to9.co.id  Ada banyaakk sekali fashion item yg bisa kalian miliki. Yuk cek link official website nya.  Happy shopping.  Jangan lupa kode voucher diskon tambahan 10% nya ,0,0,0,2021-07-16,06:46:15
2021-07-16 06:42:54,Pemburu Kecil@BaraTerpendamÂ·Jul 16Replying to @kalimayafashion @TheArieAir and 2 othersLive Shopping #programfolback1,1,0,0,2021-07-16,06:42:54
2021-07-16 06:42:44,"Hahaha@hahahanjiingÂ·Jul 16Replying to @DukuhAtasBNIIya ka kunjungi website nya aja. Ada banyak brand branded yg udah punya nama. Gak cuma backpavck atau slingback, Ada kemeja, sweater, jacket. Sneakers. Dan harga nya jauuuuh lebih murah dibanding di store.  Kode voucher tambahan diskon 10%  ( AN9ETD)  Happy shopping ka 1",1,0,0,2021-07-16,06:42:44
2021-07-16 04:59:29,â€¢ T a h t a â€¢@amaliaaazzzzÂ·Jul 16Replying to @inifloraa and @ohmybeautybankAllo yg ke 3 aku beli di (kotoochlotes) pict 4 di ( axco.official ) happy shopping 23,2,3,0,2021-07-16,04:59:29
2021-07-16 04:18:34,"Plaza Senayan@PlazaSenayanÂ·Jul 16..a balance between heritage and modernity.  Now you can enjoy the benefits and convenience of shopping in the comfort of your home, for any inqueries or assistance please contact them thru +62 812-9791-6099  #PlazaSenayan #WhatsOnPlazaSenayan1Show this thread",0,1,0,2021-07-16,04:18:34
2021-07-16 04:15:22,Not Peter@notpeternotÂ·Jul 16Replying to @Gandhoyy @shopping_heal and @Red_Alien_ngeri bgt ini,0,0,0,2021-07-16,04:15:22
2021-07-16 04:00:43,"ONLINE SHOPPING@delvin_collectÂ·Jul 16IklanTerUpdate Sell Font pack,Themes BB,Icon,!!! Murah-murah dan keren loh!! Yang mau jadi reseller Ivite Pin: 275E2032 #IklanTerUpdate",0,0,0,2021-07-16,04:00:43
2021-07-16 02:54:32,Penjual Turban Kenamaan@nyanyu_idÂ·Jul 16Video call 3 jam ama carpa  - bahas masa depan  - shopping bareng di syopi ,0,0,0,2021-07-16,02:54:32
2021-07-16 02:29:08,"Benimaru Shinmon @NuAddictedÂ·Jul 16Sedikit Grocery Shopping dan Beli Sushi di Aeon siang ini.   Sounds a Good Plan, huh?",0,0,0,2021-07-16,02:29:08
2021-07-16 01:25:29,"Ayu Maylaffayza@AccRantga11Â·Jul 16Ngajak ribut melulu, ngajak shopping kek!",0,0,0,2021-07-16,01:25:29
2021-07-15 21:07:43,flash@bangsad123Â·Jul 15WANITA Menangis bukan karena lemah Tapi karena gak ada duit buat mereka SHOPPING,0,0,0,2021-07-15,21:07:43
2021-07-15 17:43:31,"Obliviate@tita_harjaÂ·Jul 15If you ever feel sad, just go shopping. It will ease your mind.",0,0,0,2021-07-15,17:43:31
2021-07-15 17:40:10,"Dk Onlineshop@Dk_OnlineshopÂ·Jul 15Hallo tweps Dk_Onlineshop menjual aneka ragam mulai dari peralatan rumah tangga,keperluan anak-dewasa,silakan cek album kami.happy shopping",0,0,0,2021-07-15,17:40:10
2021-07-15 17:02:56,Cascara Machiato@sisitipsyyÂ·Jul 15Obat sedih tuh shopping ga sih wkwkwk,0,0,0,2021-07-15,17:02:56
2021-07-15 12:28:06,"ğ’…ğ’‚ğ’ğ’ğ’Šğ’”@juyeonnekoyaÂ·Jul 15â†³ THE BOYZ SHARING LAPO SHOPPING LIVE 2021Quote Tweetğ’…ğ’‚ğ’ğ’ğ’Šğ’”@juyeonnekoya Â· Jul 2THE BOYZ Sharing LAPO 2021 part 2  eat 60k/pc, 120k/pair  Member A: - Hyunjae  - Sunwoo  - Younghoon  - Q  - Eric   Member B: - New  - Jacob  - Sangyeon  - Haknyeon  - Kevin  Member A wajib pair B  - Exc fee packing - Dom JktShow this threadShow this thread",0,0,0,2021-07-15,12:28:06
2021-07-15 10:45:40,langsre.id@LangsreIÂ·Jul 15DISC ALERT!! Hari ini Langsre GTA Serum Disc lagi!!! Cuma 98rb dari harga 425rb  Cuma hari ini yaa!! Stock terbatas!! Kamu bisa dapetin di Tokopedia : Langsre!! Happy Shopping36,0,6,3,2021-07-15,10:45:40
2021-07-15 09:36:44,Uliyah PARK@Iit_mJLÂ·Jul 15Is Time to shopping Yey  . . #HappyJenlisaDay #JENLISA #JENNIE #LISA #JENLISADAY #jenlisaisreal #Jenlisaedit #JenLisaUniverse #JENLISA ğ“ƒ ğ“ƒ  #JenlisasComingOut #JenlisaHotandSwagCouple #LilifilmofficialJennierubyjaneofficialcollaborate1,0,1,0,2021-07-15,09:36:44
2021-07-15 09:01:40,waaaâ™¡@jinnpeachyÂ·Jul 15Replying to @cffeegrllyshopping aja shopping1,0,1,0,2021-07-15,09:01:40
2021-07-15 07:39:28,Benimaru Shinmon @NuAddictedÂ·Jul 15I think i need a friend to go for grocery shopping again4,4,0,0,2021-07-15,07:39:28
2021-07-15 07:00:51,Sukma@Sukma532Â·Jul 15Happy shopping tweeps ^^,0,0,0,2021-07-15,07:00:51
2021-07-15 06:17:01,Annkur Pandey@pandeyannkurÂ·Jul 15Limitations to online shopping faced by international customersLimitations to online shopping faced by international customers5 major issues that concern shoppers from abroad as they do shopping from online stores.forward.me,0,0,0,2021-07-15,06:17:01
2021-07-15 04:19:36,"Lelakimu@PorscheBmwi8Â·Jul 15Replying to @ybas25Gue memang paling seneng usap usap kepala cewe rambut cewe. tapi seperti nya si cewe pun akan lebih seneng lagi kalau si cowo usapin nya sambil bilang (Shopping gih sayang, kamu boleh belanja sesuka hatimu, aku transfer yaa kalau kurang kamu bilang yaa biar aku tambah lagi)1",0,1,0,2021-07-15,04:19:36
2021-07-15 04:08:42,"el_macho90@Macho90ElÂ·Jul 15SHOPPING DAY...SOON!!!!Quote TweetGarudaHitam @SilumanRi Â· Jul 15Jika nanti tiba saat nya kalian rakyat kelaparan,maka mulailah dari sekarang menyerbu supermarket,mall,swalayan milik china china yg saat ini justeru menimbun sumber bahan pokok tersebut.serbu dan dapatkan dengan gratis untuk kalian pribumi bertahan hidup",0,0,0,2021-07-15,04:08:42
2021-07-15 04:00:42,"ONLINE SHOPPING@delvin_collectÂ·Jul 15Twitt_Iklan Sell Font pack,Themes BB,Icon,!!! Murah-murah dan keren loh!! Yang mau jadi reseller Ivite Pin: 275E2032 Lets Order Guys!!!!!",0,0,0,2021-07-15,04:00:42
2021-07-15 03:30:41,ONLINE SHOPPING@delvin_collectÂ·Jul 15Chek Foto2 Tema BB Di sini Klik https://facebook.com/pages/Themes-And-Font/238520422980421?sk=photos_albumsâ€¦,0,0,0,2021-07-15,03:30:41
2021-07-15 03:09:30,"Dk Onlineshop@Dk_OnlineshopÂ·Jul 15Males kemana- kemana, tapi pengen belanja? Ga usah Khawatir Belanja aja di Shopping OnLine #dk_onlineshop",0,0,0,2021-07-15,03:09:30
2021-07-15 01:59:04,nusamandiri_jtw@Nusamandiri_JTWÂ·Jul 15Pesan sekarang sebelum kehabisan! Stay Healthy and Happy Shopping   Langsung cek online store kami :  Order Via Wa / TOKOPEDIA / SHOPEE =========================== TOKOPEDIA :  Nusa Mandiri Store SHOPPE :  Nusa Mandiri Store  #nusamandiri #generasimandiri #nusamandiristoreShow this thread,0,0,0,2021-07-15,01:59:04
2021-07-14 20:27:01,Chris@C0xChrisÂ·Jul 143 Moments in the Online-Shopping Journey Where Your Business Is Losing CustomersThe following media includes potentially sensitive content. Change settingsView,0,0,0,2021-07-14,20:27:01
2021-07-14 16:48:35,NovikaMr @novika_roulinaÂ·Jul 14Lebih suka travelling atau shopping â€” Kalo dua duanya aja gimana?Lebih suka travelling atau shopping | ask.fm/novika_roulinaKalo dua duanya aja gimana?ask.fm,0,0,0,2021-07-14,16:48:35
2021-07-14 15:28:12,"Kristy Swandini@KristySwanÂ·Jul 14Semenjak si Abang beli rumah, kerjaan ku tiap hari window shopping kursi teras, dipan kasur, lemari, meja nakas, sofa bed dan browsing design pager, kanopi, kamar tidur, dapur. Tiap nemu yg cocok aku screenshot atau kirim link shopee-nya ke si Abang. Sampai dia kesel ",0,0,0,2021-07-14,15:28:12
2021-07-14 15:04:02,cutie pie@ccbyyaÂ·Jul 14my papap and me did monthly grocery shopping at 7 pm than the store is close at 8 pm HOW CAN WE MOVE FOR ONLY ONE HOUR alsjahsgag terus karna buru2 jadi banyak yang kelupaan deh,0,0,0,2021-07-14,15:04:02
2021-07-14 13:07:04,"Cici Okta Fitriana@cicioktafÂ·Jul 14Replying to @lareina_sariIni shopping king louis, vibes dia anak muda, anak kecil, sm anak bayi banget hahaha Yg remember you 2015 Tapi dia disitu karakternya dewasa1",1,0,0,2021-07-14,13:07:04
2021-07-14 12:10:46,#Availtebet JAKSEL INCLUDE EXCLUDE@Arista_BohayÂ·Jul 14Replying to @Manja7190Iyaa gak sempet makan dan shopping Â² 1,1,0,0,2021-07-14,12:10:46
2021-07-14 09:38:26,Pangeran Luminaire@PrinceLuminaireÂ·Jul 14Replying to @noturlilboyShopping1,1,0,0,2021-07-14,09:38:26
2021-07-14 09:04:43,Baby@DennyYoga17Â·Jul 14Niat punya anak ga si! Anaknya sakit juga bukannya di urus malah shopping1,0,1,0,2021-07-14,09:04:43
2021-07-14 08:54:42,Hultaena88@saynara86Â·Jul 14Replying to @collegemenfessHaha kangen bngt klo gw mah lngsung cus kantin > mall > bioskop > shopping > pulang bisa malem njir wkwkw,0,0,0,2021-07-14,08:54:42
2021-07-14 08:25:25,"WOM Finance@womfinance_idÂ·Jul 14Langkah kedua yaitu menyisihkan 30% untuk keinginan, contohnya seperti untuk hobi, shopping, cafe hopping, jajan2 enak dan lainnya.1Show this thread",1,0,0,2021-07-14,08:25:25
2021-07-14 07:49:35,"Wang Rivera@RiveraWangÂ·Jul 14The Tomorrow Man (2019) The Tomorrow ManÂ (2019)Ed Hemsler spends his life preparing for a disaster that may never come. Ronnie Meisner spends her life shopping for things she may never use. In a small town somewhere in America, these two...The Tomorrow Man (2019)The Tomorrow ManÂ (2019) Ed Hemsler spends his life preparing for a disaster that may never come. Ronnie Meisner spends her life shopping for things she may never use. In a small town somewhere in...xybatato.tumblr.com",0,0,0,2021-07-14,07:49:35
2021-07-14 07:42:40," Maya Rose @mayarose26Â·Jul 14Replying to @boutyou10 @Stray_Kids and @ShxSF9xShopping time, alice! 12",1,2,0,2021-07-14,07:42:40
2021-07-14 07:00:53,Sukma@Sukma532Â·Jul 14Happy shopping tweeps ^^,0,0,0,2021-07-14,07:00:53
2021-07-14 06:43:40,Piscesgurl@enuuuyyyÂ·Jul 14Replying to @ShiintaLarasatiyaAllah shopping apah shopping biar sembuuhh wkwk1,1,0,0,2021-07-14,06:43:40
2021-07-14 06:22:16,"RasyidaIsnaLarasita@ayasmawanÂ·Jul 14Stop shopping astaga, ini kosan awalnya lebar luas ga engap sekarang padet bgt ya Allah aampun sadarkan hamba",0,0,0,2021-07-14,06:22:16
2021-07-14 05:43:50,"rats@atiyyyyyÂ·Jul 14Replying to @shopping_healSebenernya tiap hari masak yg asin, tapi jarang di foto, karna selalu abis sebelum di foto ",0,0,0,2021-07-14,05:43:50
2021-07-14 04:45:02,Carolina eShop@CarolinaeShopÂ·Jul 142020 femmes sac Ã  bandouliÃ¨re horreur film personnage numÃ©rique Art impression fourre-tout sac Ã  main rÃ©utilisable tissu Shopping Shopper sacs B131382020 Women's Shoulder Bag Horror Movie Character Digital Art Print Tote Handbag Reusable Cloth...2020 Women's Shoulder Bag Horror Movie Character Digital Art Print Tote Handbag Reusable Cloth Shopping Shopper Bags B13138fr.akiranabata.com,0,0,0,2021-07-14,04:45:02
2021-07-14 03:30:42,ONLINE SHOPPING@delvin_collectÂ·Jul 14Chek Foto2 Tema BB Di sini Klik https://facebook.com/pages/Themes-And-Font/238520422980421?sk=photos_albumsâ€¦,0,0,0,2021-07-14,03:30:42
2021-07-14 01:48:59,Beber@berliana_beberÂ·Jul 14Replying to @shopping_healMakanya sayang bgt ,0,0,0,2021-07-14,01:48:59
2021-07-13 23:39:58,flash@bangsad123Â·Jul 13WANITA Menangis bukan karena lemah Tapi karena gak ada duit buat mereka SHOPPING,0,0,0,2021-07-13,23:39:58
2021-07-13 18:41:33,"Jekey@DingDongg_09Â·Jul 13di balik story gua yang isinya bts mulu gua tetep rajin kerja,makan makanan enak,nongkrong,jalan jalan,sering ke mcd,shopping,ketemu temen temen,having fun jadi jangan menilai kalo gua ga punya kehidupan,gua hanya tidak menunjukan itu.",0,0,0,2021-07-13,18:41:33
2021-07-13 18:26:20,"ğ“¢ğ“¹ğ“½ğ“»ğ“°ğ“¼ğ“½ğ“ª@septiii_raÂ·Jul 13Keliatannya aja santai, tidur, makan, main hp, shopping, rebahan. Padahal dalam otak mikir terus sampai kepala mau pecah.",0,0,0,2021-07-13,18:26:20
2021-07-13 18:09:57,"Dk Onlineshop@Dk_OnlineshopÂ·Jul 13Hallo tweps Dk_Onlineshop menjual aneka ragam mulai dari peralatan rumah tangga,keperluan anak-dewasa,silakan cek album kami.happy shopping",0,0,0,2021-07-13,18:09:57
2021-07-13 17:24:50,"car@melsmoothiesÂ·Jul 13scrolling through baju2 lucu tp mikir mau dipake ke mana, cuma window shopping saja pd akhirnya",0,0,0,2021-07-13,17:24:50
2021-07-13 17:15:13,"SWA Media Inc.@swamediaincÂ·Jul 13Perangkat Alat Kesehatan Jadi Andalan Berkah HomeÂ ShoppingPerangkat Alat Kesehatan Jadi Andalan Berkah Home Shopping | SWA.co.idDalam kondisi pandemi Covid-19 ini dibutuhkan fisik tubuh kita sehat dan bugar. Untuk menunjang kebugaran dan kesehatan, dibutuhkan alat kesehatanswa.co.id",0,0,0,2021-07-13,17:15:13
2021-07-13 16:59:14,"Dinda@heydindaa_Â·Jul 13// yume  : emg sih kyk gini bisa nyuruh orang, tp km harus care dan ngurus langsung! Jadilah majikan yg baik, coba pikirin, Beat pasti suka ini, ah ini juga... : heh? Kamu ngajak ke sini cuma pengen nyoba shopping-date yg lg ngetrend kan? : .....ughh : *smirk* oke oke1Show this thread",1,0,0,2021-07-13,16:59:14
2021-07-13 14:58:32,"ì•„ì•„ì— @AllAboutMerchÂ·Jul 13Hai bestie twt, mau info aja nih aam bakalan ada live shopping sambil lelang juga nih tapi di ig, siap siap 533197",53,197,3,2021-07-13,14:58:32
2021-07-13 14:26:43,rats@atiyyyyyÂ·Jul 13Replying to @shopping_healTidak berlaku bagi yg jomblo GIF1,1,0,0,2021-07-13,14:26:43
2021-07-13 13:50:46,"frezier de seash@freseashÂ·Jul 13You know what?! I believe this happened also with you guys.  When your mom or your wife or event your sista ask to be accompanied for shopping only bunch of scallion vegetables, she bought this much things. 1",0,1,0,2021-07-13,13:50:46
2021-07-13 12:36:06,dea@hellodeedeeÂ·Jul 13Online shopping Quote Tweetipa bukan ips@pieipa Â· Jul 12spill kegiatan favoritemu untuk mengilangkan stress,0,0,0,2021-07-13,12:36:06
2021-07-13 11:31:50,"ğ’ˆğ’Šğ’ğ’ğ’ @herqueensÂ·Jul 13Replying to @gxgaccgak bisa move on dari internationalist, sampe nyari muterÂ² jkt blm dapet lagi. dulu beli di lotte shopping avenue, mana udah dead stock pula.",0,0,0,2021-07-13,11:31:50
2021-07-13 10:51:45,"smartplusprof@SMARTPlusProfÂ·Jul 13Praktis banget kan?â£â£ Jangan lupa scroll-scroll inspirasi resep yang ada di website ya!â£â£ â£â£ Yuk tonton videonya sampai habis untuk cara pemesanannya..â£â£ Happy shopping dan baking, Smart Bakers!â£â£1Show this thread",1,0,0,2021-07-13,10:51:45
2021-07-13 10:41:12,wishing to be onsen connoiseur @catsandkatzenÂ·Jul 13Kapok shipping pake @anteraja_id sebisa mungkin ke depan kalo shopping di @tokopedia balik pake @sicepat_ekspres sama @JNE_ID2,2,0,0,2021-07-13,10:41:12
2021-07-13 10:02:23,"Hi Steel@histeelindoÂ·Jul 13Kami siap memberikan pelayanan yang maksimal untukmu  Kamu dirumah aja, biar kami yang antar ke proyekmu  Pemesanan melalui Tokopedia bisa langsung klik link dibio kami ya, Happy shopping! #belanjaonline #testimoni #tokopedia #tokopediahisteel #bajaringanShow this thread",0,0,0,2021-07-13,10:02:23
2021-07-13 05:48:13,"Brandztory@brandztoryÂ·Jul 13Head of @instagram Adam Mosseri announced that this platform is shifting from being only a photo-sharing app and focusing more to videos, shopping, etc.  SWIPE to find out his explanation.   twitter/ @mosseri #brandztory #digitalmarketing #digiâ€¦ https://instagr.am/p/CRQS3GuBrqC/1",0,0,1,2021-07-13,05:48:13
2021-07-13 04:51:04,Beber@berliana_beberÂ·Jul 13Replying to @shopping_healIya plis Tuhan Yesus dengar segala doa baik kita amin 1,0,0,1,2021-07-13,04:51:04
2021-07-13 04:46:06,Beber@berliana_beberÂ·Jul 13Replying to @shopping_healYa kan gue ngiranya bubu comeback gitu loh salah aja aku ini sbg kawan  ayang tangkep rosie 1,1,0,0,2021-07-13,04:46:06
2021-07-13 04:40:05,Beber@berliana_beberÂ·Jul 13Replying to @shopping_healAsu ga nyambung kita sialan  gue mikirnya rn tau gasi wkwkwkwkwkwk ok sip semangat jg kamuhhhh mwah luv 1,1,0,0,2021-07-13,04:40:05
2021-07-13 04:38:21,Beber@berliana_beberÂ·Jul 13Replying to @shopping_healBolottt wkwkw i mean finally bubu comeback 1,1,0,0,2021-07-13,04:38:21
2021-07-13 04:36:19,,1,0,0,2021-07-13,04:36:19
2021-07-13 04:00:47,"ONLINE SHOPPING@delvin_collectÂ·Jul 13Twitt_Iklan Sell Font pack,Themes BB,Icon,!!! Murah-murah dan keren loh!! Yang mau jadi reseller Ivite Pin: 275E2032 Lets Order Guys!!!!!",0,0,0,2021-07-13,04:00:47
2021-07-13 03:40:03,"Dk Onlineshop@Dk_OnlineshopÂ·Jul 13Males kemana- kemana, tapi pengen belanja? Ga usah Khawatir Belanja aja di Shopping OnLine #dk_onlineshop",0,0,0,2021-07-13,03:40:03
2021-07-13 02:56:36,"Holtmeat@holtmeat_idÂ·Jul 13Halo Holtmeaters, bagaimana hari Selasa kalian?   Di masa PPKM seperti ini kalian harus semangat ya! Makan makanan yang bergizi & rutin konsumsi vitamin agar badan menjadi fit.  Kalau bosen varian makanan di rumah gitu-gitu aja, bisa banget buka website kami ya! Happy Shopping",0,0,0,2021-07-13,02:56:36
2021-07-13 02:52:14,"ğ’…ğ’‚ğ’ğ’ğ’Šğ’”@juyeonnekoyaÂ·Jul 13Replying to @yeon_gyulLah emang cakep sil, aku udah liat lama pas shopping live1",1,0,0,2021-07-13,02:52:14
2021-07-13 01:25:04,Ahmad Nor Maulana Af@AhmadNorMaulanaÂ·Jul 13Your H&M Shopping Cart Will Reveal Which Disney Princess You're Most Like http://dlvr.it/S3bsz8,0,0,0,2021-07-13,01:25:04
2021-07-12 22:19:36,Ahmad Nor Maulana Af@AhmadNorMaulanaÂ·Jul 12Shopping for Beanbag Chairs http://dlvr.it/S3bW3v,0,0,0,2021-07-12,22:19:36
2021-07-12 22:04:29,"@cahayuuu_Â·Jul 12Naik krl ga bisa sembarangan, harus nunjukkin surat kerja, tanah, BPKB, harta dan tahta wkwkwk (engga ada emak emak shopping Tanah Abang) nyaman bgt ga desek desekan",0,0,0,2021-07-12,22:04:29
2021-07-12 21:10:07,Carolina eShop@CarolinaeShopÂ·Jul 12Sac Angemiel en Pots dansant Groot Shopping sac fourre-tout de plageAngemiel Bag In Pots Dancing Groot Shopping Beach Tote BagAngemiel Bag In Pots Dancing Groot Shopping Beach Tote Bagfr.akiranabata.com,0,0,0,2021-07-12,21:10:07
2021-07-12 16:41:23,"Monica@monicaang2Â·Jul 12Replying to @ginabicaraIni juga menunjukkan pemerintah loh peduli sama kita rakyatnya ya, Kak. Ada bantuan begini akan sangat membantu untuk bertahan sampai pandemi berlalu...  Eh, tapi kalo ada diskon shopping, sebenarnya juga mau sih...",0,0,0,2021-07-12,16:41:23
2021-07-12 13:07:45,flash@bangsad123Â·Jul 12WANITA Menangis bukan karena lemah Tapi karena gak ada duit buat mereka SHOPPING,0,0,0,2021-07-12,13:07:45
2021-07-12 12:11:40,ğ§ğšğ£ğš@sojuwwwÂ·Jul 12Replying to @shopping_healemberrr wkwkwkw,0,0,0,2021-07-12,12:11:40
2021-07-12 11:45:51,"DJI@DanNJ2834Â·Jul 12Replying to @ThaiPolitica and @bangkokladIn Europe, the tests are free. AFAIK, one test per week, at least in Germany. Plus unlimited free tests if you like to go to restaurants, shopping etc. If people even want to test more they can buy easily and unlimited tests in each supermarket now. Prices start at around 30 THB.43",0,3,4,2021-07-12,11:45:51
2021-07-12 11:24:26,Milanisti Culture@MilanistiCltrÂ·Jul 12Replying to @expmbdkasih duit bang buat shopping,0,0,0,2021-07-12,11:24:26
2021-07-12 11:18:31,ğ§ğšğ£ğš@sojuwwwÂ·Jul 12Replying to @shopping_healgue cepetan pake anter aja si wkwkw gatau knp1,1,0,0,2021-07-12,11:18:31
2021-07-12 10:13:54,"mamennn@stdidaniÂ·Jul 12Replying to @chinesecatto @Ihsanashii and 4 othersMemang beda yaa seri S tuh :"")",0,0,0,2021-07-12,10:13:54
2021-07-12 10:12:53,"mamennn@stdidaniÂ·Jul 12Replying to @nabilafdaa @panggilaku_nong and 4 othersSelama masih bisa buat balas whatsapp kantor, berarti masih baik2 saja kak smartphone-nya. Hahaha",0,0,0,2021-07-12,10:12:53
2021-07-12 09:38:26,mamennn@stdidaniÂ·Jul 12Replying to @Ihsanashii @chinesecatto and 4 othersDevicenya apa Bang? Versi S juga kah?1,1,0,0,2021-07-12,09:38:26
2021-07-12 08:43:42,"F2F Great Online Shop@F2IndonesiaÂ·Jul 12Kuy, cek jam kukuk asli buatan Jerman yang cocok buat hadiah dan koleksi pribadi; https://instagram.com/f2f_great_online_shop/â€¦ #DisiplinSuksesPPKM #ktowellneasfair2021 #mauskinsoulAM #MutheCarn17al #SWITCH_ON #shopping #Tokopedia",0,0,0,2021-07-12,08:43:42
2021-07-12 08:04:56,mamennn@stdidaniÂ·Jul 12Replying to @chinesecatto @shopping_heal and 3 othersMerendah untuk meroket 1,1,0,0,2021-07-12,08:04:56
2021-07-12 07:49:54,"mamennn@stdidaniÂ·Jul 12Replying to @chinesecatto @panggilaku_nong and 3 othersKalo skrng sih udah banyakan yg ada SpO2, kaya Mi Watch, Mi Band 6",0,0,0,2021-07-12,07:49:54
2021-07-12 07:43:28,"mamennn@stdidaniÂ·Jul 12Replying to @panggilaku_nong @chinesecatto and 3 othersSaya lebih jadul, A50 hahaha2",2,0,0,2021-07-12,07:43:28
2021-07-12 06:00:08,"Misbah Al Jawiyu@MisbahWiyonoÂ·Jul 12Aku wis umbah umbah Masak sarapan Asah asah Nyapu kan ngepel...  Nek arep shopping, duite wis tak transfer. Kartu kredit wis tak bayar..  ~umpamaneQuote TweetNarabahasa@narabahasa Â· Jul 11Bentuk lain ungkapan â€œAku sayang kamuâ€ â€¦Show this thread",0,0,0,2021-07-12,06:00:08
2021-07-12 04:55:22,"Solaria Restaurant@SolariaIDÂ·Jul 12Hai #Solarians yang ada di Bandung dan sekitarnya! Outlet Solaria kini sudah hadir di Paskal 23 Shopping Center Lt 3 lho. Selamat menikmati menu andalan Solaria yang udah bikin kamu ngidam dari lama ya. Yuk, langsung pesan dan nikmati makanan favoritmu. Kami tunggu ya! . #Solaria",0,0,0,2021-07-12,04:55:22
2021-07-12 04:51:22,Nadia @nadiabaxÂ·Jul 12Sedih udah 2 tahun berturut2 gabisa stationery shopping sama anak2 menyambut tahun ajaran baru. Dulu sama bonyok tradisi bgt ke gramedia/ballyson/edukits sebelum mulai sekolah. Sekarang online doang 1,0,1,0,2021-07-12,04:51:22
2021-07-12 04:00:49,"ONLINE SHOPPING@delvin_collectÂ·Jul 12JatengIKLAN Sell Font pack,Themes BB,Icon,!!! Murah-murah dan keren loh!! Yang mau jadi reseller Ivite Pin: 275E2032 Lets Order Guys!!!!",0,0,0,2021-07-12,04:00:49
2021-07-12 03:35:06,Carolina eShop@CarolinaeShopÂ·Jul 12Sac Angemiel grand sac fourre-tout mignon Mordecai et Rigby Shopping plageAngemiel Bag Large Cute Mordecai and Rigby Shopping Beach Tote BagAngemiel Bag Large Cute Mordecai and Rigby Shopping Beach Tote Bagfr.akiranabata.com,0,0,0,2021-07-12,03:35:06
2021-07-12 03:30:43,ONLINE SHOPPING@delvin_collectÂ·Jul 12Chek Foto2 Tema BB Di sini Klik https://facebook.com/pages/Themes-And-Font/238520422980421?sk=photos_albumsâ€¦,0,0,0,2021-07-12,03:30:43
2021-07-12 03:04:59,istri haecan@FauziaSyarlaÂ·Jul 12Hallo guyss Panggilan buat nctzen.... Aku baru aja bikin go dijamin trusted dan kita juga bakal sering nyelem sellchin sellkor dll buat yang punya wl juga bisa drop nnti bakal kita cariin  https://line.me/R/ti/g/38Bnt70Px_â€¦  Thank you for join Happy  shopping LINEï½œalways at your side.More than just a messenger app. LINE is new level of communication and the very infrastructure of your life.line.me,0,0,0,2021-07-12,03:04:59
2021-07-12 02:14:25,Hamal@klancythewolfÂ·Jul 12Every shopping mall always have toilets with bidets so powerful they rip your fucking asshole open11,1,1,0,2021-07-12,02:14:25
2021-07-12 01:48:36,"hy fun!@vanneeeyyyÂ·Jul 12Lu mah enak, dirumah aja masih bs shopping. Iya dong Alhamdulillah. Halal lagi duitnyaQuote TweetBoy Candra@dsuperboy Â· Jul 11""Lu mah enak, gitu doang dapat duit.""  Iya dong. Alhamdulillah.",0,0,0,2021-07-12,01:48:36
2021-07-11 20:57:06,"Ahmad Nor Maulana Af@AhmadNorMaulanaÂ·Jul 11Live: World Square, Broadway shopping centres among new NSW exposure sites http://dlvr.it/S3Wqd9",0,0,0,2021-07-11,20:57:06
2021-07-11 16:55:29,"siti rochana@ocha_20Â·Jul 11Alhamdulillah  tiba2 dpt rezeki...trz ga bisa tdr, akhirnya blanja online donk di shopee ...tidur nyenyak nih kayaknya abis shopping ",0,0,0,2021-07-11,16:55:29
2021-07-11 16:40:08,"Dk Onlineshop@Dk_OnlineshopÂ·Jul 11Hallo tweps Dk_Onlineshop menjual aneka ragam mulai dari peralatan rumah tangga,keperluan anak-dewasa,silakan cek album kami.happy shopping",0,0,0,2021-07-11,16:40:08
2021-07-11 16:23:30,"Beber@berliana_beberÂ·Jul 11Replying to @shopping_healBacain reply aja biar ga serem, gudangnya tertawa di reply itu wkwkwqkkw",0,0,0,2021-07-11,16:23:30
2021-07-11 16:20:24,Beber@berliana_beberÂ·Jul 11Replying to @shopping_healKata gue lo ga sopan qrt ginian sini baku hantam aja kita!1,1,0,0,2021-07-11,16:20:24
2021-07-11 14:45:03,Carolina eShop@CarolinaeShopÂ·Jul 11Simulation Luxury Supermarket Set Cash Register Shopping Cart Girls Pretend Play Toys Kid Education ToysSimulation Luxury Supermarket Set Cash Register Shopping Cart Girls Pretend Play Toys Kid Education...Simulation Luxury Supermarket Set Cash Register Shopping Cart Girls Pretend Play Toys Kid Education Toysen.akiranabata.com,0,0,0,2021-07-11,14:45:03
2021-07-11 12:29:19,PAKAI MASKER YANG BENER@oscartangotangoÂ·Jul 11lagi window shopping di toped terus liat masker hepa filter.  ...itu idung apa air purifier?1Show this thread,1,0,0,2021-07-11,12:29:19
2021-07-11 12:14:31,Ioanna Pavla@ProjectMagdale1Â·Jul 11Lessons from history @shopping_heal Show this thread,0,0,0,2021-07-11,12:14:31
2021-07-11 12:04:08,"GLADYZ@GladyzkhunÂ·Jul 11Wooyoung talking about Taecyeon rap part:  ""Coffee,shopping, driving, LP, Cooking and Wine gwenchana""  Coffee = Chansung Shopping = Nichkhun Driving = Junho LP = Minjun Cooking = Wooyoung Wine = Taecyeon  2PM SPECIAL SHOW  #2PM #íˆ¬í”¼ì—  #MUST #í•´ì•¼í•´ #Makeit4617",0,17,46,2021-07-11,12:04:08
2021-07-11 11:30:26,"Ioanna Pavla@ProjectMagdale1Â·Jul 11Replying to @shopping_healIstipar, zoes. Mi apapun (mi kuning, pasta, bihun, kwetiaw dll) itu ternyata makanan buat jaman paceklik binti pagebluk sedjak doeloe kala.",0,0,0,2021-07-11,11:30:26
2021-07-11 09:26:21,"Amayra.@aepricusÂ·Jul 11Replying to @outer_cosmoâ € â € Amayra, 18 tahun, hobinya window-shopping sekalian jalan-jalan aja. Tapi kalau mager, lebih milih buat nonton film, kadang anime juga. â € â €1",0,0,1,2021-07-11,09:26:21
2021-07-11 09:03:16,"Ioanna Pavla@ProjectMagdale1Â·Jul 11Replying to @shopping_healMi Nissin kari ayam lu gadoin bakso ikan, tahu & toge-sawi. LEGIT like curry ramen betulan!  Urusan mi instan, Nissin jangan lu lawan1",1,0,0,2021-07-11,09:03:16
2021-07-11 07:47:05,ernachai@ernachaiÂ·Jul 11Browsing around @hicetnunc2000 wanting to collect some art. I got bitten by shopping bug11,1,1,0,2021-07-11,07:47:05
2021-07-11 07:01:05,Sukma@Sukma532Â·Jul 11Happy shopping tweeps ^^,0,0,0,2021-07-11,07:01:05
2021-07-11 05:58:49,"ì¡°ê·œ & ë‹¤ë…¤ @raindropsaudiÂ·Jul 11I had the weirdest dream.  So I went to lucky plaza hk in shatin with johnny, taeyong and yuta to eat noodle that lucas really loved  we couldnt find the restaurant and ended up shopping instead. Me and johnny bought an $8k nail polish 1Show this thread",1,0,0,2021-07-11,05:58:49
2021-07-11 04:00:43,"ONLINE SHOPPING@delvin_collectÂ·Jul 11JatengIKLAN Sell Font pack,Themes BB,Icon,!!! Murah-murah dan keren loh!! Yang mau jadi reseller Ivite Pin: 275E2032 Lets Order Guys!!!!",0,0,0,2021-07-11,04:00:43
2021-07-11 03:46:26,Christine Natalina M.@x_tinemonroeÂ·Jul 11Menambah Imun di masa Pandemi..  Hati yang gembira adalah obat buat masa Pandemi.. Happy Sunday.. @ Thamrin City - Smart Shopping For Everyone https://instagram.com/p/CRLBxNvDbvm/?utm_medium=twitterâ€¦,0,0,0,2021-07-11,03:46:26
2021-07-11 03:30:52,ONLINE SHOPPING@delvin_collectÂ·Jul 11Chek Foto2 Tema BB Di sini Klik https://facebook.com/pages/Themes-And-Font/238520422980421?sk=photos_albumsâ€¦,0,0,0,2021-07-11,03:30:52
2021-07-11 02:09:28,"Dk Onlineshop@Dk_OnlineshopÂ·Jul 11Males kemana- kemana, tapi pengen belanja? Ga usah Khawatir Belanja aja di Shopping OnLine #dk_onlineshop",0,0,0,2021-07-11,02:09:28
2021-07-11 02:03:03,Tasya@hansyawwwÂ·Jul 11At this point idk where all my money goes... bahkan gue udh g shopping lagi. God,0,0,0,2021-07-11,02:03:03
2021-07-11 01:38:33,flash@bangsad123Â·Jul 11WANITA Menangis bukan karena lemah Tapi karena gak ada duit buat mereka SHOPPING,0,0,0,2021-07-11,01:38:33
2021-07-11 00:09:19,Arile is vaxxed@arldmÂ·Jul 11Abis nonton youtuber indo grocery shopping di aldi uk trus kaget koook murah murah bgt ya harga grocery di uk?!!,0,0,0,2021-07-11,00:09:19
2021-07-11 00:06:16,Zah FR@Zah_frÂ·Jul 11Replying to @ustadchenShopping is the best therapy,0,0,0,2021-07-11,00:06:16
2021-07-10 19:02:57,Christine Natalina M.@x_tinemonroeÂ·Jul 10Menambah Imun di masa Pandemi.. . #keseruankami #menambahimunkita #tiktokwithtemen #bodoamat  . @ Thamrin City - Smart Shopping For Everyone https://instagram.com/p/CRKF2VvAH4P/?utm_medium=twitterâ€¦,0,0,0,2021-07-10,19:02:57
2021-07-10 18:30:13,"Christine Natalina M.@x_tinemonroeÂ·Jul 10Keseruan bersama temen "" kantor yang kusayangi sebelum masa PPKM.. @ Thamrin City - Smart Shopping For Everyone https://instagram.com/p/CRKCIIGsy6_/?utm_medium=twitterâ€¦",0,0,0,2021-07-10,18:30:13
2021-07-10 18:09:54,Christine Natalina M.@x_tinemonroeÂ·Jul 10Just posted a photo @ Thamrin City - Smart Shopping For Everyone https://instagram.com/p/CRJ_zM1sPPC/?utm_medium=twitterâ€¦,0,0,0,2021-07-10,18:09:54
2021-07-10 17:57:07,"Christine Natalina M.@x_tinemonroeÂ·Jul 10Edisi poto""an (part Ii @ Thamrin City - Smart Shopping For Everyone https://instagram.com/p/CRJ-VoqsSFt/?utm_medium=twitterâ€¦",0,0,0,2021-07-10,17:57:07
2021-07-10 15:49:21,"bursabeauty@akbarmandiri96Â·Jul 10Review Cream Esther Gold (085225491123) Bleaching A-B & Whitening S-M adalah solusi tepat untuk kulit anda, aman digunakan untuk sehari hari dan tidak menyebabkan ketergantungan. #cosmetics #shopping #love  PAKET CREAM ESTHERÂ BLEACâ€¦https://lnkd.in/dMgHATvCream Esther Original 085225491123 Perawatan Wajah Untuk JerawatReview Cream Esther Gold (085225491123) Bleaching A-B & Whitening S-M adalah solusi tepat untuk kulit anda, aman digunakan untuk sehariâ€¦link.medium.com",0,0,0,2021-07-10,15:49:21
2021-07-10 13:55:39,"kris.@grevyrdÂ·Jul 10Replying to @dimsumhunterbisa custom kak untuk varian sambalnya,  kita juga ready berbagi varian rasa  happy shopping1",1,0,0,2021-07-10,13:55:39
2021-07-10 13:31:18,ã……ã……@littlebyeol1122Â·Jul 10shopping list ku habis ini peripera tint and the tool lab falsies,0,0,0,2021-07-10,13:31:18
2021-07-10 13:25:06,"hanny@han_ceÂ·Jul 10Sungguh terbantu oleh live shopping via IG... walaupun ujung2nya g beli, tapi tetap menjadi penghibur jiwa ",0,0,0,2021-07-10,13:25:06
2021-07-10 13:25:04,"BUBBLE TWICE@TWICEBUBBLEINFOÂ·Jul 10210710 Nayeon  ""I wanted to eat peach so badly..so I need to go grocery shopping,,"" ""I don't cook,,,"" ""You want to watch Vlog of me grocery shopping??ã…‹ã…‹ã…‹Should I do oneã…‹ã…‹ã…‹ã…‹ã…‹ã…‹ã…‹"" ""But there's nothing much.."" ""But I will only buy peach!!!""  #TWICE #NAYEON #BUBBLETWICE14",0,4,1,2021-07-10,13:25:04
2021-07-10 13:24:38,"BUBBLE TWICE@TWICEBUBBLEINFOÂ·Jul 10210710 Nayeon  ""What are you doing"" ""I'm just lying down"" ""Actually in my memo i wrote that i will go grocery shopping tomorrow ã…‹ã…‹""  #TWICE #NAYEON #BUBBLETWICE14",0,4,1,2021-07-10,13:24:38
2021-07-10 11:26:51,Blibli Care@BlibliCareÂ·Jul 10Replying to @__Evhyta_49Mimin mau nya di follow ^^ hehhee  hatur nuhun kakak untuk kerjasama nya :)  Buat promo menariknya kuy check this out https://blibli.com/promosi lumayan kak kalau dapat. Happy Shopping11,1,1,0,2021-07-10,11:26:51
2021-07-10 10:44:59,Riri Dahye @MochacynoÂ·Jul 10Replying to @shopping_healUdh mulai membaik aku kak udh pulih penciuman juga  makasi yaa1,1,0,0,2021-07-10,10:44:59
2021-07-10 10:40:28,Ioanna Pavla@ProjectMagdale1Â·Jul 10Replying to @shopping_healVan houten?1,1,0,0,2021-07-10,10:40:28
2021-07-10 10:22:28,"LisnaAngguni_Mandirian@lisnaangguniÂ·Jul 10Shopping di SOGO pake kartu kredit dan debit Mandiri banyak untungnya! Hadiah kejutan dan voucher s/d Rp1,2 jt menanti Sahabat, ... https://twitter.com/bankmandiri/status/1413717119959658504#mandiri_itu_kerenâ€¦ #mandirian #mandirianinfo #bmristory #mandiridigitalQuote Tweetbank mandiri@bankmandiri Â· Jul 10Shopping di SOGO pake kartu kredit dan debit Mandiri banyak untungnya! Hadiah kejutan dan voucher s/d Rp1,2 jt menanti Sahabat, lho.  Periode program hingga 1 Agustus 2021. Yuk, langsung cus ke SOGO terdekat!  Info klik http://bmri.id/sogosummerfun #mandiripromo",0,0,0,2021-07-10,10:22:28
2021-07-10 08:49:28,"Fitri Kusmiati@FitriKusmiati11Â·Jul 10Shopping di SOGO pake kartu kredit dan debit Mandiri banyak untungnya! Hadiah kejutan dan voucher s/d Rp1,2 jt menanti Sahabat, ... https://twitter.com/bankmandiri/status/1413717119959658504â€¦ #mandiri_itu_keren #bristory #mandirian #mandiriinfoQuote Tweetbank mandiri@bankmandiri Â· Jul 10Shopping di SOGO pake kartu kredit dan debit Mandiri banyak untungnya! Hadiah kejutan dan voucher s/d Rp1,2 jt menanti Sahabat, lho.  Periode program hingga 1 Agustus 2021. Yuk, langsung cus ke SOGO terdekat!  Info klik http://bmri.id/sogosummerfun #mandiripromo",0,0,0,2021-07-10,08:49:28
2021-07-10 05:02:29,Beber@berliana_beberÂ·Jul 10Replying to @y0urhug and @shopping_healDah mam mie goreng smlm pfffff wkwkwk tapi ini emg best bgt si apalagi makan dipinggir pantai 1,1,0,0,2021-07-10,05:02:29
2021-07-10 04:30:34,"rats@atiyyyyyÂ·Jul 10Replying to @shopping_healBenerr hehe, akupun kemana2 skrng bawa sedotan dari jagung karna mudah terurai, since gigiku sensitif pake stainless straw, dan pake cassava kresek. Sampah skincare sealu ku simpan dan bawa ke tempat recycle. Mungkin ga ngaruh2 amat tp paling ngga membantu bumi 21",2,0,1,2021-07-10,04:30:34
2021-07-10 04:30:01,"bank mandiri@bankmandiriÂ·Jul 10Shopping di SOGO pake kartu kredit dan debit Mandiri banyak untungnya! Hadiah kejutan dan voucher s/d Rp1,2 jt menanti Sahabat, lho.  Periode program hingga 1 Agustus 2021. Yuk, langsung cus ke SOGO terdekat!  Info klik http://bmri.id/sogosummerfun #mandiripromo1143",1,3,14,2021-07-10,04:30:01
2021-07-10 04:00:43,"ONLINE SHOPPING@delvin_collectÂ·Jul 10apaajaIKLAN Sell Font pack,Themes BB,Icon,!!! Murah-murah dan keren loh!! Yang mau jadi reseller Ivite Pin: 275E2032 Lets Order Guys!!!!",0,0,0,2021-07-10,04:00:43
2021-07-10 03:25:05,"Carolina eShop@CarolinaeShopÂ·Jul 10Custom monogram tote bags, Simple Bridal Monogram Canvas Beach Bag shopping jutes weekend bachelorette party bridesmaid handbagsCustom monogram tote bags, Simple Bridal Monogram Canvas Beach Bag shopping jutes weekend bachelo...Custom monogram tote bags, Simple Bridal Monogram Canvas Beach Bag shopping jutes weekend bachelorette party bridesmaid handbagsralph-laurenpolo.org.uk",0,0,0,2021-07-10,03:25:05
2021-07-10 02:54:51,"MUN@Super_MunÂ·Jul 10Replying to @hibooranBegitulah kalo keasikan shopping, lupa kalo itu  ngutang yg harus dibayar.",0,0,0,2021-07-10,02:54:51
2021-07-10 02:50:33,jantradaa  (( Commissions Open ))@jantradaaÂ·Jul 10I'm at a point where I'm shopping groceries online FUCK the coronavirus really11,1,1,0,2021-07-10,02:50:33
2021-07-08 15:21:40,Dolphin Kuningan@DolphinkuninganÂ·Jul 8jaga jarak cuci tangan  selalu.......   #pandemi #cucitangan #catur #3M #jagajarak #dirumahaja #dolphinkuningan #belanja #online #shopping @ Dagangan Komplek https://instagram.com/p/CREi76_ByAp/?utm_medium=twitterâ€¦,0,0,0,2021-07-08,15:21:40
2021-07-07 15:13:01,"Berthony@jonathanreinandÂ·Jul 7Gue ngerasa sih skarang instagram udah mulai kehilangan esensinya. Jangkauannya melebar tapi udah ga seasik jaman itu. Okelah fitur messaging gue nyaman, instastory masih oke, lama lama kesini fitur shopping apalah itu, reels juga . Okelah lebih rame. Cuman ilang â€œesensinyaâ€.11",1,1,0,2021-07-07,15:13:01
2021-07-07 00:41:47,Rusydina @rusydinatÂ·Jul 7Replying to @bucindesikHarganya ga ada yg masuk dikantong. Jadi window shopping aja ,0,0,0,2021-07-07,00:41:47
2021-07-06 17:48:07,Lorddv@donivingkyÂ·Jul 6Replying to @AzamRayaan @shopping_io and @ShibtokenBurn your all token,0,0,0,2021-07-06,17:48:07
2021-07-06 08:36:33,Gusti Gokil@GustiGokil2Â·Jul 6Replying to @shopping_io and @Shibtokento the moon $11,0,1,0,2021-07-06,08:36:33
2021-07-06 05:38:08,Riyani anissa@riyanianissaÂ·Jul 6Ga mau stres2. Mau shopping aja ah ,0,0,0,2021-07-06,05:38:08
2021-07-05 14:20:28,"R. Boru Batubara@xxxiantÂ·Jul 5""Paling enak tinggal Jakarta ya. Apalagi banyak uang. Kerjanya shopping mulu.""  Crazy rich Pamanukan, 44 y.o.",0,0,0,2021-07-05,14:20:28
2021-07-05 11:32:43,Benedicto Saragih@BAPS_97Â·Jul 5Jadi ini yang bikin Indonesia ramai HAHAHAHAHA   *malam ini groceries shopping trus tbtb nemu ginian wkwkwk dan kata masnya skrng dibatesin 1 orang cuma boleh beli 3 HAHAHAHA 21,2,1,0,2021-07-05,11:32:43
2021-07-05 08:51:15,Claudia Mulki A. Kartanegara@claudyakramyÂ·Jul 5Baru saja mengirim foto @ Shopping Yukkk https://instagram.com/p/CQ8H5LAszMB/?utm_medium=twitterâ€¦,0,0,0,2021-07-05,08:51:15
2021-07-01 13:22:53,DonDiRumahAja@dondihanantoÂ·Jul 1Buah pemikiran yg sangat filosofis  Mengembalikan shopping cart/trolley adalah ujian mengatur diri sendiri (self-governing)73680Show this thread,7,80,36,2021-07-01,13:22:53
2021-07-01 09:51:44,Aoi@aoi_usagi79Â·Jul 1Habis nyelesein logbook buat sebulan. Lets go shopping...  1,0,1,0,2021-07-01,09:51:44
2021-06-30 16:11:32,"petrik menunggu shownu@eppaysiaÂ·Jun 30ada lagi kmrn w mau grocery shopping ke swalayan deket rumah eh ada bapa"" marah kaga mau pake masker,,,, njir otak dimana otak",0,0,0,2021-06-30,16:11:32
2021-06-30 04:48:15,"Reza Hyundai@rezarobotzÂ·Jun 30Baru saja mengirim foto @ Lotte Shopping Avenue, Cassablanca - Jakarta. https://instagram.com/p/CQu0HRUF-aZ/?utm_medium=twitterâ€¦",0,0,0,2021-06-30,04:48:15
2021-06-29 23:16:42,Nisha@Am_AnnishaÂ·Jun 29Replying to @shopping_heal and @FOOD_FESSHuhu Monggo.. semoga lancar ya nder. Pas dijawab emang jadi gugup gagap gempita sih jadi kaya ngeles dan ngalor ngidul. Tapi untuk terhindar dari itu semua emang harus laki-lakinya yang ngomong langsung.,0,0,0,2021-06-29,23:16:42
2021-06-29 10:19:21,ana siregar@treezanaÂ·Jun 29Bakar Jajan Shopping Terussss ,0,0,0,2021-06-29,10:19:21
2021-06-29 09:36:10,"BHINEKA TINGGAL DUKA@yulfentri_munafÂ·Jun 29Mungkin karena sama2 bumbu kacang dan cukup satu ulekan, lalu dia pikir jualan ketoprak, gado2, pecel bisa gabung dijadiin one stop shopping.  Mungkin kira2 gitu pola pikir yang digunakan tukang giling kacang, saat menyatukan jabatan rektor dengan komisaris bank.",0,0,0,2021-06-29,09:36:10
2021-06-29 09:30:44,Nisha@Am_AnnishaÂ·Jun 29Replying to @shopping_heal and @FOOD_FESSGatau aku tim curhat Mulu sama Mba ku jadi ya Mba ku sampein ke Ibu. Otomatis Ibu Negor dan nanya 1,1,0,0,2021-06-29,09:30:44
2021-06-29 07:46:59,"Jessica Olive Chaniago@Jessica53829978Â·Jun 29BATIK SOLO  DESKRIPSI PRODUK SILAHKAN CEK PHOTO,   Feel free to ask  Whatsapp  DM  Comment +6282122441475  Happy Shopping  #batiksolo#trustedseller#fashion#fashionstyle#ootd#womanfashion#fashionstyle#batikmurah#batikcantik  http://beautytravellinginc.wordpress.com https://instagram.com/beteinc?utm_medium=copy_linkâ€¦1",0,1,0,2021-06-29,07:46:59
2021-06-29 07:46:51,"Jessica Olive Chaniago@Jessica53829978Â·Jun 29BATIK SOLO  DESKRIPSI PRODUK SILAHKAN CEK PHOTO,   Feel free to ask  Whatsapp  DM  Comment +6282122441475  Happy Shopping  #batiksolo#trustedseller#fashion#fashionstyle#ootd#womanfashion#fashionstyle#batikmurah#batikcantik  http://beautytravellinginc.wordpress.com https://instagram.com/beteinc?utm_medium=copy_linkâ€¦1",0,1,0,2021-06-29,07:46:51
2021-06-27 11:44:17,"Jessica Olive Chaniago@Jessica53829978Â·Jun 27AZZURA SET DESKRIPSI PRODUK SILAHKAN CEK PHOTO,   Feel free to ask  Whatsapp +6282122441475  Happy Shopping  #batiksolo#trustedseller#fashion#fashionstyle#ootd#womanfashion",0,0,0,2021-06-27,11:44:17
2021-06-27 11:41:30,Rizta Pratama@patentedÂ·Jun 27I honestly grew to dislike shopping but i love clothesâ€¦ when can i afford a personal shopper 1,0,1,0,2021-06-27,11:41:30
2021-06-26 15:36:54,"Elisa Koraag@mamavanenbasÂ·Jun 26Guys,  shopping di SOGO pake kartu kredit dan debit Mandiri banyak untungnya! Hadiah kejutan dan voucher s/d Rp1,2 jt menanti Sahabat, lho. Periode program hingga 1 Agustus 2021. Yuk, langsung cus ke SOGO terdekat! @bankmandiri Info klik http://bmri.id/sogosummerfun #mandiripromo",0,0,0,2021-06-26,15:36:54
2021-06-26 14:05:29,Tits@titahareyÂ·Jun 26Padahal dah berencana mau groceries shopping ke naga sama mau ditraktir mamam diluar sama aa Tapi kok yaaa nih kenaikan kasus covid serem betul yaaaa:(  Aslikkkk mamak mamak olshop ini butuh hiburan keluar rumah walau hanya sekejap:'),0,0,0,2021-06-26,14:05:29
2021-06-26 10:22:33,"Jehezukiel @ã€ŒTeam REGULICIAã€ BOFXVII@JehezukielÂ·Jun 26Today in @KURORAK 's studio: Doing some online shopping. Just a normal day, I guess(?)0:08100 views9",0,9,0,2021-06-26,10:22:33
2021-06-25 22:12:58,"hogwarts03@uhamm17Â·Jun 25Replying to @bertanyarlShopping, money, friends",0,0,0,2021-06-25,22:12:58
2021-06-25 19:17:12,"Rean@bavareanÂ·Jun 25Money, Food, Shopping. Woww pasQuote TweetONâ”† JANGAN REPLY OOT @bertanyarl Â· Jun 25TANYARL 3 DIGIT TERAKHIR NOMOR HP KALIAN ADALAH HAL-HAL YANG KALIAN BUTUHIN SAAT INI2",0,2,0,2021-06-25,19:17:12
2021-06-25 14:27:35,emak nya duo nara@kembarlucyRiegoÂ·Jun 25Replying to @GA_Contest and @shopping_iodone,0,0,0,2021-06-25,14:27:35
2021-06-25 12:58:28,"Ardi Manendra@ardidudiduÂ·Jun 25Shopping, Shopping, TravelQuote TweetONâ”† JANGAN REPLY OOT @bertanyarl Â· Jun 25TANYARL 3 DIGIT TERAKHIR NOMOR HP KALIAN ADALAH HAL-HAL YANG KALIAN BUTUHIN SAAT INI",0,0,0,2021-06-25,12:58:28
2021-06-25 11:56:06,LUCKY ï£¿â„¢@JackBvlgariÂ·Jun 25Replying to @Paullarnz_Shopping Money and sex 1,1,0,0,2021-06-25,11:56:06
2021-06-25 08:57:50,I.M@assasinkulinerÂ·Jun 25Replying to @InuKishu and @shopping_ioGoes to 50 cent.....,0,0,0,2021-06-25,08:57:50
2021-06-24 18:36:02,Papa Aiz@PapaAis_Â·Jun 24Replying to @GA_Contest and @shopping_ioI have no idea about which payment you endorsed for.. so sorry,0,0,0,2021-06-24,18:36:02
2021-06-24 14:24:37,"Cynthia Permata Sari@cynthiapsÂ·Jun 24Mau shopping genks mumet  @ Jakarta, Indonesia https://instagram.com/p/CQgZTKNBkHmenQKwcWP1hAdWs-BrY9kw084Q6E0/?utm_medium=twitterâ€¦",0,0,0,2021-06-24,14:24:37
2021-06-23 00:39:33,"Halima@_iimaÂ·Jun 23Ini kenapa flash sale tokped menarikÂ² sekali ya pas semi-lockdown ini? Lapar mata, emg butuh, atau shopping therapy? Apakah ini hanya pelampiasan kesetresanku  #mulaihalu #lebay1",1,0,0,2021-06-23,00:39:33
2021-06-22 18:09:48,â€˜lele  gws@lelelintasÂ·Jun 22abis nonton live shopping crystal alias nyiksa diri sendiri soalnya w lagi puasa 2 bulan,0,0,0,2021-06-22,18:09:48
2021-06-22 05:20:36,anu@anupensiunÂ·Jun 22Replying to @RanyNuranimuNtar abis makan malah lanjut shopping,0,0,0,2021-06-22,05:20:36
2021-06-22 03:26:00,"ggukie97`L@jjkXsyl27Â·Jun 22Hobi on wv  hobi : what's going on.  #butter4thno1onhot100   Btw it's so clear that people's mate His hobi style never fails, he even said ""recently he likes shopping because he wants to look handsome/cool in front of the army"" Uri sunshine very soft1",0,1,0,2021-06-22,03:26:00
2021-06-21 13:59:41,"asjdfgh@adeliaaandaniÂ·Jun 21YaAllah lancarkan lah rezeki ku, soalnya aku suka jalan jalan sama shopping.",0,0,0,2021-06-21,13:59:41
2021-06-21 11:01:27,"Stallone@StallonationÂ·Jun 21I'm at Grand Indonesia Shopping Town in Jakarta Pusat, DKI Jakarta https://swarmapp.com/c/dUvEbXdH5qK",0,0,0,2021-06-21,11:01:27
2021-06-18 11:12:21,Resinda Park Mall@resindaparkmallÂ·Jun 18[ Exclusive for RPM Card Member ] Ayo tukarkan struk belanja dengan minimal pembelanjaan 100K & dapatkan voucher SKS Game Cafe 100K* *syarat & ketentuan berlaku. #resindaparkmall #resinda #mallkarawang #mall #karawang #shoppingmall #shopping #sksgamecafe,0,0,0,2021-06-18,11:12:21
2021-06-18 06:01:55,Supermal Karawaci@Supermal_KrwciÂ·Jun 18Weekend is coming! Dapatkan promo menarik Buy 2 Get 25% Off hanya di Berrybenka Store Supermal Karawaci Lantai.Dasar Psssstt promo ini hanya berlangsung 2 hari yah girls! Happy shopping  . #skpromotion #berrybenka https://instagram.com/p/CQQDAAMABAf/?utm_medium=twitterâ€¦,0,0,0,2021-06-18,06:01:55
2021-06-14 15:04:08,"Sitta F. Abdullah@SittaFAbdullahÂ·Jun 14Life during pandemic... jarang keluar rumah, jadi anak ikutan shopping aja diposting. Ibu Sitta gak jelas, kata curly girl  @ Jakarta, Indonesia https://instagram.com/p/CQGt34BANbUC3bqAx3ZczHbrsEuDEfc1crGopY0/?utm_medium=twitterâ€¦",0,0,0,2021-06-14,15:04:08
2021-06-13 08:52:16,"lfan@PaklekJolÂ·Jun 13Dede mau shopping yg seger2 ah,,,1Show this thread",1,0,0,2021-06-13,08:52:16
2021-06-12 12:37:25,"TukangAsuransi@Bowie_TianÂ·Jun 12#hitwatch (@ Lotte Shopping Avenue XXI - @cinema21 in Jakarta Selatan, DKI Jakarta) https://swarmapp.com/c/gShQO4dzOzP",0,0,0,2021-06-12,12:37:25
2021-06-12 09:05:30,"Amanda Hasthavania@queenlicyÂ·Jun 12Bawaannya pengen shopping melulu, kekepin dompet1",1,0,0,2021-06-12,09:05:30
2021-06-09 13:25:09,hadeuh@BeLikeNanasÂ·Jun 9Groceries shopping after swimming Show this thread,0,0,0,2021-06-09,13:25:09
2021-06-08 09:55:41,Papa Aiz@PapaAis_Â·Jun 8Rekor kalah telak dalam debat terbuka saya.. 1. Misteri uang hilang dari dompet istri 2. Jual harga murah koin Karena istri mau shopping Udah Itu ajaa,0,0,0,2021-06-08,09:55:41
2021-06-06 17:20:04,"Kartika Ayu Nendran@tikanendranÂ·Jun 6Replying to @radenraufMe time! Nyalon, shopping, ngopi di caffe!!",0,0,0,2021-06-06,17:20:04
2021-06-06 05:12:45,RKLB Î›VENUE@rklbofficialÂ·Jun 6Shopping day nih..  gaskeun shopee ya  @ RKLB Avenue https://instagram.com/p/CPxD1eBhRnS/?utm_medium=twitterâ€¦,0,0,0,2021-06-06,05:12:45
2021-06-05 15:13:15,riska@shewaysssoutÂ·Jun 5Replying to @bukanmargakohlhappy shopping ya kak,0,0,0,2021-06-05,15:13:15
2021-06-05 14:55:41,"Adelia Tiarasany@adelz_faithÂ·Jun 5Me & Mz @BucekdieB are taking a walk around Jakarta city this Saturday night, from monthly grocery shopping buying some boarding house's essential stuffs to attending urban style bazaar at Twilo Skatepark, Kemang, just have fun session between us. God bless us all~  #AddMyBeerGIF1",0,1,0,2021-06-05,14:55:41
2021-06-05 11:59:52,"TukangAsuransi@Bowie_TianÂ·Jun 5#hitwatch #theconjuring (@ Lotte Shopping Avenue XXI - @cinema21 in Jakarta Selatan, DKI Jakarta) https://swarmapp.com/c/1spaqwhgmu5",0,0,0,2021-06-05,11:59:52
2021-06-04 10:05:03,"Stallone@StallonationÂ·Jun 4I'm at Grand Indonesia Shopping Town in Jakarta Pusat, DKI Jakarta https://swarmapp.com/c/dzA8j1aaGnQ",0,0,0,2021-06-04,10:05:03
2021-05-31 14:57:49,OmDed #eh@IDberryÂ·May 31Replying to @dmsnvrd and @gennasatriaKarena ngedit shopping  cart ternyata lebih ribet dibanding foto atau video...2,2,0,0,2021-05-31,14:57:49
2021-05-31 07:39:48,Vivi.@VivialiviarÂ·May 31sekarang online shopping lebih nyaman di tokopedia deh dibanding shopee. subsidi ongkir dan cash back nya gk ribet1,1,0,0,2021-05-31,07:39:48
2021-05-30 10:44:59,dantasuri@dantasuriÂ·May 30Minggu hari ini bakalan: - jogging  - sarapan  - melayat  - ibadah gereja  - nemenin nyalon  - makan siang kesorean  - shopping tipis-tipis   - menikmati malam ,0,0,0,2021-05-30,10:44:59
2021-05-30 02:16:57,"Teacher_Teacher_Why@Teacher2whyÂ·May 30A : ""Eh.. lu kok hemat banget sih, jarang shopping ama hangout""  ME :53272",5,72,32,2021-05-30,02:16:57
2021-05-29 18:22:33,"AFIF ABDUL HAKIM@Afif_AbdulHKMÂ·May 29Ternyata dia mulai sadar dari mulai kurus jelek dekil buluk dan skrg dia gemuk bgt bgt, bersih, cantikpula, dan sampe2 banyak yg bilang temen2nya 'lu bahagia sama dia'. Padahal gue setiap main gapernah ajak dia, kesalon,shopping,jln2 atau buat makan makanan mahal,dll. Haha1",1,0,0,2021-05-29,18:22:33
2021-05-27 22:12:37,elgo. ã‚¨ãƒ«ã‚´ã€‚ì—˜ê³ .@elgowhÂ·May 2725 wishlist items are on sale. Sayangnya skrg2 ini ga ada uang yg dialokasikan utk belanja game. Saatnya window shopping saja,0,0,0,2021-05-27,22:12:37
2021-05-27 06:21:47,"Supermal Karawaci@Supermal_KrwciÂ·May 27Itâ€™s time to elevate your look with H&M. Enjoy Perfect Combo: Get 30% for every purchase of 4 pieces or more on regular items. Visit H&M now, happy shopping! . Priode 28 May - 1 June 2011 . #skpromotion #hnm https://instagram.com/p/CPXbyRFAuWZ/?utm_medium=twitterâ€¦1",0,0,1,2021-05-27,06:21:47
2021-05-27 03:42:18,Mr.Chill@MrChill61971371Â·May 27Replying to @gorillla105lotte shopping avenue kah ini mas?1,1,0,0,2021-05-27,03:42:18
2021-05-26 12:58:37,Lika@awkucinkÂ·May 26Replying to @txtdarionlshopHyaaaa easy shopping dong wkwk,0,0,0,2021-05-26,12:58:37
2021-05-26 12:12:10,"inji fajriana@awwinjiiÂ·May 26Dari dulu penasaran â€œgimana ya rasanya gajian trus habis itu shoppingâ€. Oh jadi gini rasanya, enak banget ternyata... Belanja apa aja dari hasil kerja keras sendiri",0,0,0,2021-05-26,12:12:10
2021-05-24 14:25:15,Cecillia Yaohan@CecilliaYÂ·May 24Grocery shopping time  @ Growell Wholefoods https://instagram.com/p/CPQkutOh1zY/?utm_medium=twitterâ€¦,0,0,0,2021-05-24,14:25:15
2021-05-24 07:14:32,"à¸ªà¸§à¸±à¸ªà¸”à¸µà¸„à¹ˆà¸° caessa à¸™à¸°à¸„à¸°@_caessa_Â·May 24Kadang kalo lagi kayak gini suka pengen nikah dan ngurusin suami aja, masak masak bikin resep baru, tapi tetep bisa shopping sesuka hati   I mean, kalo gak kerja duit buat shopping dapet dari mana coba? Kalo bukan duit sendiri kan mau makenya jg gak leluasa 13",1,3,0,2021-05-24,07:14:32
2021-05-23 18:36:56,"hijaubirubiru@bluesky0019Â·May 23Intinya ya, gue ama temen gue ini yg udah bertahuntahun tinggal di Jkt pun, masi terheranheran dg perubahan lingkungan, lupa sama arah, kikuk pas casual shopping. Krn saking lamanya ga ngelakuin hal tsb. Pdhal hrsnya ud gaperlu pake mikir, toh ya masi di Jkt pula ini.1Show this thread",1,0,0,2021-05-23,18:36:56
2021-05-23 10:33:21,Dimas - ä¹”è¾¾@specialistSHYÂ·May 23Definisi doyan shopping tapi malas nenteng,0,0,0,2021-05-23,10:33:21
2021-05-22 15:47:49,OmDed #eh@IDberryÂ·May 22Replying to @gandungadiShopping cart  dah penuh?1,1,0,0,2021-05-22,15:47:49
2021-05-22 13:11:19,thita udah vaksin@pecahtelorÂ·May 22Dulu bisa setiap sabtu itu nonton bioskop 1-2film Sekarang? gue males banget... di rumah nonton netlix aja deh.. ngemall tuh dulu sptnya kebutuhan banget. sekarang? gue udah ga ada yg gue pengen . jadi sekedar window shopping pun gue ga nafsu lagi... Ini kenapa gueeee...,0,0,0,2021-05-22,13:11:19
2021-05-22 10:29:07,Dimas - ä¹”è¾¾@specialistSHYÂ·May 22Lemari udah menjerit supaya diriku tidak shopping outfits lagi1,1,0,0,2021-05-22,10:29:07
2021-05-22 09:06:58,Hanip@hamish_fhaniÂ·May 22Let's go shopping110,1,10,0,2021-05-22,09:06:58
2021-05-21 15:44:43,"Kartika Ayu Nendran@tikanendranÂ·May 21Pokoknya minggu depan harus: - shopping - nyalon - staycation - nyari tempat kopi, wajib!!!",0,0,0,2021-05-21,15:44:43
2021-05-17 16:00:20,Fitria Hasanah@upitpesekÂ·May 17H : Bu dimana ? M : Dimana2 hatiku senang  H : Jalan yuk M : Mana bisa dah tau padat merayap H : Belajar bu ? M : Iyalah masa iya ak shopping  *) Realitanya : Emang beneran sih lg shopping dulu  Ini mampir doang tp cari outfit buat project baru.1Show this thread,1,0,0,2021-05-17,16:00:20
2021-05-17 15:06:40,Niz VDW.@nisaapriani24Â·May 17Replying to @hanmula.....lu nepok2 apaan pas grocery shopping?1,1,0,0,2021-05-17,15:06:40
2021-05-17 07:19:28,Mrs. ì´ë™í•´@bunga_1802Â·May 17Memanfaatkan sisa2 cuti dengan shopping day! 2,2,0,0,2021-05-17,07:19:28
2021-05-16 14:32:17,Deras@hujanyangturun_Â·May 16Replying to @tamiputSepertinya bahasan-bahasan seperti online shopping ini harus mulai disosialisasikan sampai ke level ibu-ibu PKK deh tam wkwk1,1,0,0,2021-05-16,14:32:17
2021-05-16 14:18:16,"Yanuar@siKirunÂ·May 16Replying to @taztyBudget sih kalo udah tau mau beli yg mana, abis window shopping hahaha. Itulah akhirnya saya belanja di toko dewi saja lebih puas megang2nya dan bandingin harganya hahaha1",1,0,0,2021-05-16,14:18:16
2021-05-16 10:41:09,"Nuswantoro@EdwardSevinoÂ·May 16Para pemilik ol shopping harusnya memberikan narasi kepada pembeli, bahwa kurir bukan perwakilan dari 'penjual',  Kejadian seperti ini terus berulang... Kebodohan dari pemilik aplikasi atau dari pembeli!?The following media includes potentially sensitive content. Change settingsView",0,0,0,2021-05-16,10:41:09
2021-05-16 02:14:45,"Putri Novarina@nov_putrinovÂ·May 16W pikir abs pake shopping bag, d lipet rapi berderet gt uda bagus. Trnyta lazimny jg harus d cuci + strika kek baju d lemari ",0,0,0,2021-05-16,02:14:45
2021-05-16 02:13:21,"Putri Novarina@nov_putrinovÂ·May 16Liat ibu2 pas antri d kasir, bawa shopping bag bisa rapi, bersih, d setrika. Berasa kemproh skali diriku ",0,0,0,2021-05-16,02:13:21
2021-05-15 15:52:19,Crypto Mizan@Ismi263Â·May 15Replying to @shopping_ioI hope you like my memes @shopping_io $PI #SPI #shoppingio0:1228 views2,0,2,0,2021-05-15,15:52:19
2021-05-15 15:47:49,Crypto Mizan@Ismi263Â·May 15Replying to @shopping_ioDone sir,0,0,0,2021-05-15,15:47:49
2021-05-15 15:20:32,Adelia Tiarasany@adelz_faithÂ·May 15Baru kesampaian monthly grocery shopping bareng Mz @BucekdieB & ngedate di Mall Artha Gading. Abis itu lanjut jalan2 malam di weekend rada ngantukan ini. Rasanya ini efek semalam sangat begadang & badan belum sembuh bener udah diforsir sana sini. Doi juga sakit. Huft~ #AddMyBeer1,0,1,0,2021-05-15,15:20:32
2021-05-15 08:50:12,thita udah vaksin@pecahtelorÂ·May 15Masih meet up temen? masih  bisa dihitung sebulan palimg 1-2 x dalam kondisi khusus.. duduk di cafe luar ruangan. Ngobrol... maks 1-2 jam... no jalan2 no shopping window anymoreShow this thread,0,0,0,2021-05-15,08:50:12
2021-05-15 07:48:48,"Stallone@StallonationÂ·May 15I'm at Lotte Shopping Avenue in Jakarta Selatan, DKI Jakarta https://swarmapp.com/c/gh2eTWhZnTW11",0,1,1,2021-05-15,07:48:48
2021-05-10 17:07:58,"nda@telmiwayyÂ·May 10Replying to @alfonsus73Sok ngide aja ini beli krna bnyk yg bilang bisa ngilangin stress, pas dicoba eh malah tambah stres soalnya bikin mual, emg yg paling bener ngilangin stress adalah dikasi uang segepok lalu shopping1",1,0,0,2021-05-10,17:07:58
2021-05-10 09:50:54,Citrus Department Store@CitrusDeptStoreÂ·May 10@PesonaSquareID last minute shopping? lt. LG all branded names on SALE!,0,0,0,2021-05-10,09:50:54
2021-05-10 05:52:14,macella@rmacellakÂ·May 10Replying to @TMCPoldaMetroWisata Online  dan Shopping Online Juga Pak...  Hayolah bikin Mall dan Tempat Wisata selama massa #MudikDilarang,0,0,0,2021-05-10,05:52:14
2021-05-09 23:31:43,Cung Peng On@on_cungÂ·May 9Replying to @miingyukmBikin kue lebaran Ming Ato shopping baju lebaran 1,1,0,0,2021-05-09,23:31:43
2021-05-09 12:19:39,"Audry Kawulusan@debra_lovelyÂ·May 9Just posted a photo @ Lotte Shopping Avenue, Cassablanca - Jakarta. https://instagram.com/p/COpub5wMQ1h/?igshid=1x1w29157h4q7â€¦",0,0,0,2021-05-09,12:19:39
2021-05-09 06:44:08,QH#BSD@MissQueenHelenaÂ·May 9Shopping and nonton 0:3651 views11,0,1,1,2021-05-09,06:44:08
2021-05-08 08:49:57,mall @ alam sutera@mall_alamsuteraÂ·May 8Planet Kids Lebaran Sale up to 70%  #MallAtAlamSutera #AlamSutera #PlanetKids #LebaranSale #Discount #Shopping @ Mall at Alam Sutera https://instagram.com/p/COmxoxtNdd8/?igshid=16as46pa4qay0â€¦,0,0,0,2021-05-08,08:49:57
2021-05-08 00:15:26,Sahril Saputra@Sahril_09Â·May 8Sayang ayo cepet bangun terus mandi kan kita mau shopping ke mall #ngimpi,0,0,0,2021-05-08,00:15:26
2021-05-07 11:42:17,Lua Dipa@kdivaalrstÂ·May 7Stress release: shopping dan makan sebanyak-banyaknya,0,0,0,2021-05-07,11:42:17
2021-05-07 04:49:41,"Nurul Dwi Larasati@SanjayaluvÂ·May 7Sooooo, manfaatin gratis ongkirnya di Harbolnas ini. Ga perlu cape ngeluarin ongkos dan jubel-jubelan di di pasar atau mall. Happy shopping guys!2Show this thread",0,2,0,2021-05-07,04:49:41
2021-05-05 23:18:47,"ğ•µğšğ­ğ¢ âœµ@jatisukmanaÂ·May 5Since Instagram is becoming a shopping network: Iâ€™ll start posting more of my stuff on this platform, instead of using that clunky, badly designed, data stealing app.Quote TweetTwitter@Twitter Â· May 5no bird too tall, no crop too short  introducing bigger and better images on iOS and Android, now available to everyone32Show this thread",3,2,0,2021-05-05,23:18:47
2021-05-05 07:27:05,"Dulunya @lintang@lokastitiÂ·May 5Lemah banget deh, cuma grocery shopping aja keliyengan :))",0,0,0,2021-05-05,07:27:05
2021-05-04 19:56:31,renny savitri@rennydesaviÂ·May 4Mau shopping di sopeh tapi binung mau shopping apa..,0,0,0,2021-05-04,19:56:31
2021-05-04 14:11:22,Robby Yusri@RobbyYusriÂ·May 4Shopping Time @ Tanah Abang Blok A Pusat Grosir https://instagram.com/p/COdDPpuAsjO/?igshid=12385ddh4qthrâ€¦,0,0,0,2021-05-04,14:11:22
2021-05-02 05:17:36,firdha@firdhavvÂ·May 2Replying to @LazadaID'BELANJAIN THR' MVL - Sweater Murah Wanita / Sweater Wanita HIJAB PRINTING 05 SHOPPING GIRLS | https://s.lazada.co.id/s.33cKk #LazadaKasihHP #YakinLebihBerarti #LazadaIDMVL - Sweater Murah Wanita / Sweater Wanita HIJAB PRINTING 05 SHOPPING GIRLSs.lazada.co.id,0,0,0,2021-05-02,05:17:36
2021-05-01 14:11:08,rahayutri@snyalaskayuÂ·May 1Shopping adalah cara cepat menghilangkan stres,0,0,0,2021-05-01,14:11:08
2021-05-01 07:01:42,"TukangAsuransi@Bowie_TianÂ·May 1#hitwatch (@ Lotte Shopping Avenue XXI - @cinema21 in Jakarta Selatan, DKI Jakarta) https://swarmapp.com/c/czBgwvHQjgP",0,0,0,2021-05-01,07:01:42
2021-05-01 06:07:43,ADI SURANTHA@AdiSuranthaÂ·May 1Styling session @saptodjojokartiko Raya Collection 2021 with @bankbri_id Prioritas Enjoy & Happy Shopping  #fashiondiary #latestwork #adisurantha #fashionstylist #fashionblogger #jakarta #indonesia #saptodjojokartiko https://instagram.com/p/COUdgg6AyYE/?igshid=vdxat8kas7t2â€¦1,0,0,1,2021-05-01,06:07:43
2021-04-30 14:39:34,sofie@sofie_fiewiestaÂ·Apr 30Replying to @namjunwife_Happy shopping 1,1,0,0,2021-04-30,14:39:34
2021-04-30 05:06:06,"Bahjah A.Muhammad@BahjaGauLÂ·Apr 30Kok bener ya i really need money, shopping, food Quote TweetONâ”† JANGAN REPLY OOT @bertanyarl Â· Apr 29TANYARL 3 DIGIT NOMOR HP KALIAN ADALAH HAL-HAL YANG KALIAN BUTUHIN SAAT INI",0,0,0,2021-04-30,05:06:06
2021-04-30 00:24:00,rizal_ghibran@rizal_ghibranÂ·Apr 30Alhamdulillah... wasyukrulillah... walailahailallahu wallahuakbar... @ Shaburi & Kintan Buffet  Lotte Shopping Avenue https://instagram.com/p/CORRYNAJNzvRdfA5S8tqDfhbplHnVVNGtJg1XE0/?igshid=jdtyjwpf3uaiâ€¦,0,0,0,2021-04-30,00:24:00
2021-04-29 04:03:28,"Nurul Dwi Larasati@SanjayaluvÂ·Apr 29Siang tweeps, mana nih yang suka shopping coba merapat ke sini.  Sukanya beli barang impor atau buatan lokal?   Boleh aja sih dua-duanya suka, tapi mulai sekarang sama-sama yuk beli produk lokal karena #banggabuatanIndonesia nggak kalah keren dari luar negeri.126Show this thread",1,6,2,2021-04-29,04:03:28
2021-04-29 03:18:03,D - ãƒ‡ãƒ@__peachpeonyÂ·Apr 29Suka sama hangtag nya clarynthelabel kalo shopping dress mereka,0,0,0,2021-04-29,03:18:03
2021-04-26 12:29:14,"MINISOGRANDINDONESIA@MINISOGRANDIND1Â·Apr 26Selamat Siang minisoloverssss  Mimin mau update barang di MINISO GRAND INDONESIA NIH yeyy  Yukkk langsung aja datang ke Miniso Grand Indonesia kita ada barang baru nih guys   Happy Shopping   Love life, Love Miniso  #MinisoLife#MinisoIndonesia#MinisoApp",0,0,0,2021-04-26,12:29:14
2021-04-23 04:26:00,"Scholastica @retrotikaaÂ·Apr 23Jadi nanti pas housewarming greetingnya bukan, ""welcome to our home"" tapi ""happy shopping!""   Wkwk.Show this thread",0,0,0,2021-04-23,04:26:00
2021-04-23 01:39:39,Ijoy hatta #jualantetepmaskeran@ijoyhattaÂ·Apr 23Just posted a photo @ Fitness First Lotte Shopping Avenue https://instagram.com/p/CN_YeY1HRAw/?igshid=1iztho1e33mltâ€¦,0,0,0,2021-04-23,01:39:39
2021-04-22 07:51:12,Daniel Giovanni Latumahina@qronozÂ·Apr 22Replying to @cantonaismeEh iya kah? Gw selama ini masih aman-aman aja. Mungkin karena gak heavy grocery shopping ya 1,1,0,0,2021-04-22,07:51:12
2021-04-21 22:16:45,Melejid@melejidÂ·Apr 21Replying to @the_adfr and @MosbybingAbis shopping trus bukber sambil ghibah yak,0,0,0,2021-04-21,22:16:45
2021-04-20 22:20:06,"Phietha@phietA90Â·Apr 20Gimana y caranya biar pny anak cwe yg umurnya Gk jauh beda SM eyke??  Biar kyk kakak-adek gt,, temen shopping, perawatan k salon dll..1",1,0,0,2021-04-20,22:20:06
2021-04-20 13:04:31,"â™¡@cindercella____Â·Apr 20Masuk cuma muk nyamperin temen lah gw, wk wk. Dulu jaman in charge disini tiap break gw mana pernah window shopping kalo kaya gw in charge di mall laennya. Palagi tenant tenant lantai bawah. Sadar diri anjer, awkwokwok.1Show this thread",1,0,0,2021-04-20,13:04:31
2021-04-20 09:15:35,"Iva Firdayanti@Iva_FirdayantiÂ·Apr 20Replying to @anandyafw and @txtdrpemerintahMaaf, nggak dulu . . . . . . .  Nggak mungkin nggak shopping .1",1,0,0,2021-04-20,09:15:35
2021-04-19 12:59:37,a cup of @kopikapalapi06Â·Apr 19Obat bete terbaik adalah : Shopping!11,1,1,0,2021-04-19,12:59:37
2021-04-19 06:18:38,"KIKI@mochamadrizkiÂ·Apr 19Replying to @inizali7. Tahu jalan mana yang kena ganjil-genap 8. Tahu mana jalan yang dipasang kamera tilang elektronik 9. Bisa hafal parkiran Mall, terutama Mall Taman Anggrek, Lotte Shopping Avenue & Central Park.  10. Bisa bedain lagi di ITC Kuningan atau Mall Ambassador1212",1,12,2,2021-04-19,06:18:38
2021-04-17 15:23:29,visi@visikhoiÂ·Apr 17i just need money for shopping everything what i want!!,0,0,0,2021-04-17,15:23:29
2021-04-17 03:50:58,Tulisan@mytulisanÂ·Apr 17Fresh prints of Jakarta! 'Contemplations' and 'Pete' in Atelier Bags at http://tulisan.com #organizer #bags #totes #mytulisan #jakarta #tulisan #canvasbag #ecofriendly #fashion #bags #shopping #banggabuatanindonesia #madeinindonesia1,0,1,0,2021-04-17,03:50:58
2021-04-17 00:23:53,Ponco Ardi@PoncoArdi4Â·Apr 17Replying to @BoeingSetiap Boeing JUAL BELI produk pesawat terbang Boeing ONLINE Aplikasi Shopping produk pesawat Terbang Boeing ONLINE1,0,1,0,2021-04-17,00:23:53
2021-04-17 00:22:30,Ponco Ardi@PoncoArdi4Â·Apr 17Replying to @BoeingAplikasi shopping produk pesawat terbang Boeing ONLINE 1 Tlik Harganya BERAPA Bisa Di JUAL BELI ONLINE Aplikasi Produk Pesawat terbang Boeing ONLINE1,0,1,0,2021-04-17,00:22:30
2021-04-17 00:20:07,Ponco Ardi@PoncoArdi4Â·Apr 17Replying to @BoeingAirplanesAplikasi Shopping produk pesawat Boeing JUAL BELI ONLINE 1 Tlik Harganya BERAPA Di Aplikasi Shopping produk pesawat terbang Boing Yang BESAR Setiap Boeing JUAL BELI produk pesawat Yang BESAR ONLINE Boeing1,0,1,0,2021-04-17,00:20:07
2021-04-17 00:17:11,Ponco Ardi@PoncoArdi4Â·Apr 17Replying to @BoeingAirplanesAplikasi shopping produk pesawat Terbang Boeing ONLINE Setiap Boeing JUAL BELI produk pesawat terbang Yang BESAR ONLINE Boeing1,0,1,0,2021-04-17,00:17:11
2021-04-16 23:53:41,Ponco Ardi@PoncoArdi4Â·Apr 16Replying to @skyteam and @aeroflotSaya pesan Di Aplikasi Shopping produk pesawat SkyTeam ONLINE Bisa Di JUAL BELI ONLINE Aplikasi SkyTeam ONLINE,0,0,0,2021-04-16,23:53:41
2021-04-16 23:52:38,Ponco Ardi@PoncoArdi4Â·Apr 16Replying to @skyteamSaya pesan Di Aplikasi Shopping produk pesawat SkyTeam ONLINE Bisa Di JUAL BELI ONLINE1,0,1,0,2021-04-16,23:52:38
2021-04-16 09:57:22,Ponco Ardi@PoncoArdi4Â·Apr 16Replying to @AirbusCareersBisa Di JUAL BELI produk pesawat terbang Yang BESAR ONLINE SkyTeam Aplikasi JUAL BELI shopping produk pesawat terbang ONLINE Airbus1,0,1,0,2021-04-16,09:57:22
2021-04-16 08:17:23,Ponco Ardi@PoncoArdi4Â·Apr 16Saya pesan Di Aplikasi Shopping produk pesawat terbang Yang BESAR Airbus ONLINE Bisa Di JUAL BELI BUATAN produk pesawat terbang Yang BESAR11,0,1,1,2021-04-16,08:17:23
2021-04-14 07:14:53,"Didimusr @dmusriadiÂ·Apr 14I'm at Grand Indonesia Shopping Town in Jakarta Pusat, DKI Jakarta https://swarmapp.com/c/7G2UgcQuUeI",0,0,0,2021-04-14,07:14:53
2021-04-13 02:41:01,Rahyang Nusantara@RahyangNsntraÂ·Apr 13Hari ini mau grocery shopping. Ada yg mau ikut? #trims,0,0,0,2021-04-13,02:41:01
2021-04-12 00:42:57,Bagus Hadi Prasetyo@bagushadiÂ·Apr 12Happy shopping  WA : 0812 8485 3685 LINE : @otv7431f (use @) . #tvnstore @ Tvnstore https://instagram.com/p/CNi9PWnHAs_/?igshid=52rqx6u5syhjâ€¦,0,0,0,2021-04-12,00:42:57
2021-04-11 12:07:19,"Leizel Placer@maldita_sassy15Â·Apr 11Book Shopping  #BookLove #ReadingisLife #BookShopping #SweetSunday #HappyWeekend @ Kinokuniya, Grand Indonesia https://instagram.com/p/CNhmw75MMSbL-w2bAsMRQRa9wnwigXvhxGkCXE0/?igshid=cd0t8c5ct0y6â€¦",0,0,0,2021-04-11,12:07:19
2021-04-11 03:47:02," mr, Dino @iamjox_Â·Apr 11Replying to @princejayuzShopping  ..",0,0,0,2021-04-11,03:47:02
2021-04-10 13:49:11,"Haritso@haritsoÂ·Apr 10Night off (@ Grand Indonesia Shopping Town in Jakarta Pusat, DKI Jakarta) https://swarmapp.com/c/d4KdeBPdrcg",0,0,0,2021-04-10,13:49:11
2021-04-10 05:22:24,Ken n Mom Shop@kenmomshopÂ·Apr 10Yofi Shopping Supermarket Set IDR 157.500 @ Ken n Mom Shop https://instagram.com/p/CNeToYplH4O/?igshid=w9m6tdhlhf67â€¦,0,0,0,2021-04-10,05:22:24
2021-04-10 05:11:26,"a cup of @kopikapalapi06Â·Apr 10Pengen shopping, dompet kembang-kempis..1Show this thread",1,0,0,2021-04-10,05:11:26
2021-04-10 05:00:00,EnzeliaNelly@nzelzelowÂ·Apr 10Replying to @poostaashopping kepala sekalian1,1,0,0,2021-04-10,05:00:00
2021-04-02 14:15:09,"Soya@jahemadulemonÂ·Apr 2jam jam paling seru buat window shopping,   Nanti dibeli??  Kagak",0,0,0,2021-04-02,14:15:09
2021-04-01 21:03:17,"Zyaoi Media@MediaAoiÂ·Apr 1Shibuya, Japan - Home to two of the busiest rail stations in the world. Plus some of the best shopping, restaurants, and nightlife in Tokyo. . . . #shibuya #hachiko #shibuyacrossing #kabukicho #zyaoimedia #japantourist https://instagram.com/p/CNI0JM_AF5D/?igshid=1fslmpllz2r09â€¦1",0,1,0,2021-04-01,21:03:17
2021-03-26 04:42:49,feeeah@fiahoran13Â·Mar 26malah online shopping,0,0,0,2021-03-26,04:42:49
2021-03-25 14:22:12,"Putciput@Putciput20Â·Mar 25Sebentar lagi nih bs dengerin melawan restu nya . Engga sabar sih, udh #siapmelawan. Udh siap streaming juga sambil window shopping di shopee krn pastinya #shopeedihati17",0,7,1,2021-03-25,14:22:12
2021-03-24 23:43:00,Zza@benaldaneÂ·Mar 24Tanggal 25....  It's time for grocery shopping planning and execution!,0,0,0,2021-03-24,23:43:00
2021-03-24 14:37:32,"bungakapanmekar@syafaabungaÂ·Mar 24Dengerin orang live shopping, bilang warnanya merah pengantin. Emang ada ya? Hahahaha",0,0,0,2021-03-24,14:37:32
2021-03-24 11:23:52,Benimaru Shinmon @NuAddictedÂ·Mar 24Temenin aku grocery shopping yuk?1,1,0,0,2021-03-24,11:23:52
2021-03-23 12:00:00,"@mangoesuckerÂ·Mar 23untung ga gitu suka shopping  makan > baju  urusan baju w limpahkan ke emak dah dia suka beli yg mumer di pasar, bagus2 pula and yg penting nyaman Quote TweetTUBIRFESS - JUALAN/PROMO CUMA DI LAPAK KHUSUS!@tubirfess Â· Mar 23`kondoms buat ceweÂ², cm mau ngingetin, kl nnti kalian minta temenin pergi, apalagi minta temenin beli baju, mikir dulu ya, yg kalian ajak punya duit apa enggak, ya kali lo belanja baju, temen lo gigit jari, mff kesel, ga sekali dua kali soalnya..",0,0,0,2021-03-23,12:00:00
2021-03-23 10:15:44,"anna jansen@anna_jansenÂ·Mar 23Window shopping furniture kitchen set, mayan mehong yaaa... ga ush pake masak deh, udh cocok gr/go/sh-food as always.. ",0,0,0,2021-03-23,10:15:44
2021-03-23 06:38:00,"ğšğ™¸ğ™²ğ™¾ ğ™¿ğšğ™°ğšƒğ™°ğ™¼ğ™°@rikprtamaÂ·Mar 23@HaloBCA ATM BCA di Mall Lotte Shopping Avenue Jakarta gabisa digunain semua min, jadi repot deh mau ambil cash41",4,0,1,2021-03-23,06:38:00
2021-03-20 10:32:27,"masdan@lipatanpipiÂ·Mar 20Gue pernah nelpon lejel home shopping Ternyata harganya sama aja Quote Tweetslurpynoodle@momosmomma_ Â· Mar 20Replying to @msofyanAk dulu waktu sd seneng bgt abis pulang sekolah nonton tv home shopping produk happy call  soalnya kliatan enak makanan yg dimasak, padahal tuh iklan tiap hari isinya samaaa diulang"" doang tp yaallah kok ak aneh bgt demen nonton gituan",0,0,0,2021-03-20,10:32:27
2021-03-20 06:24:14," mr, Dino @iamjox_Â·Mar 20Replying to @gashapunKapan nih shopping bareng koko  ..1",1,0,0,2021-03-20,06:24:14
2021-03-20 00:07:39,feeeah@fiahoran13Â·Mar 20kalap shopping kemarin tapi ga nyesel,0,0,0,2021-03-20,00:07:39
2021-03-19 16:01:08,wishing to be onsen connoiseur @catsandkatzenÂ·Mar 19Replying to @sukagummybeargrocery shopping with husband?,0,0,0,2021-03-19,16:01:08
2021-03-19 11:40:57,"aul@auuulyaÂ·Mar 19Shopping muluuuu  Lho aku ini sedang menggerakkan perekonomian, lho ",0,0,0,2021-03-19,11:40:57
2021-03-19 04:39:02,hanang@hahahanskyÂ·Mar 19â€˜DM for priceâ€™ is the biggest turnoff in online shopping experience1512,1,12,5,2021-03-19,04:39:02
2021-03-17 15:45:47,"aku adalah@nikkenyphÂ·Mar 17Kalo kerjaan udah bkin pusing, yaa obatnya emang cuma shopping sii.. haha",0,0,0,2021-03-17,15:45:47
2021-03-16 07:35:19,"Supermal Karawaci@Supermal_KrwciÂ·Mar 16Hardware Bazaar Sale up to 70% off 15-28 April 2021 at Supermal Karawaci. Happy Shopping and Stay Safe Everyone!"" . #skpromotion #supermalkarawaci @ Supermal Karawaci https://instagram.com/p/CMeK99Zgoel/?igshid=1wnh0d6ucf6qcâ€¦",0,0,0,2021-03-16,07:35:19
2021-03-16 02:42:02,ALFIAFIFI@ALFIAFIFI5Â·Mar 16Shopping book ,0,0,0,2021-03-16,02:42:02
2021-03-16 01:54:32,Nbs official store@nbspusatÂ·Mar 16Kenapa kita harus berbisnis   Karena shopping pake duit sendiri itu lebih manis  Karena masa tua kita gak boleh tragis Karena hidup anak kita gak boleh miris Grab it fast now https://wa.wizard.id/9ef598 https://sites.google.com/view/bebwhitec-serang/berandaâ€¦ #joinBebwhiteCskincareYuk1,0,1,0,2021-03-16,01:54:32
2021-03-16 01:40:45,"Ruri Hapsari@RuriHapsariÂ·Mar 16Replying to @halopoponSami2, bun. Tenang aja, MPASI awal2 perkenalan aja, masih ngandelin ASI. Jangan dibawa stres yaaa.. nanti ASI malah seret. Shopping aja dulu biar happy 1",1,0,0,2021-03-16,01:40:45
2021-03-16 01:34:22,Supermal Karawaci@Supermal_KrwciÂ·Mar 16Promo menarik  dari @giordanoid printee buy 2 get 4 . Yang berlangsung tanggal 15-21 Maret 2021   Jangan sampe kelewatan  promo menarik nya   Happy shopping See you in store giordanian #supermalkarawaci https://instagram.com/p/CMdhqZEggzp/?igshid=12xaenp35vlnyâ€¦1,0,0,1,2021-03-16,01:34:22
2021-03-15 15:25:24,AKANG_GRAB@ngeGRABjauh69Â·Mar 15Replying to @d4nucanfall and @nathmeongIsh ish kode ngajak shopping nih1,1,0,0,2021-03-15,15:25:24
2021-03-11 08:35:04,@fugutagayÂ·Mar 11me & my friends in the future   ((( SHOPPING TIME )))121,1,1,2,2021-03-11,08:35:04
2021-03-09 04:04:44,"LOCK & LOCK@ID_LocknLockÂ·Mar 9Replying to @odelia_lazyHalo locker, grafir nama tersedia di Store LocknLock yang ada di Lippo Mall Puri, Lotte Shopping Avenue, Pacific Place dan Aeon BSD ya kak, free grafir dengan pembelian tumbler LocknLock di store tersebut",0,0,0,2021-03-09,04:04:44
2021-03-07 13:02:11,Ishell@triana_julÂ·Mar 7Ringkih bget jari2 alumuniumnya Maybe kalo yg dibilang 75K bkln lbh kuat But I doubt   Anywayyy...  Back 2 online shopping  So much for indoor antenna dramas  #mysunday #rainysundayShow this thread,0,0,0,2021-03-07,13:02:11
2021-03-07 05:09:53,"Mbak Pit@pitalanapiÂ·Mar 7Di saat orang lain menghabiskan me time nya dengan nonton Drakor, shopping, dll. Aku kalo ga nulis ya jualan. Ga jauh2 dari yg menghasilkan cuan ya buk :)",0,0,0,2021-03-07,05:09:53
2021-03-07 02:35:46,Farid Fatahillah@faridferreÂ·Mar 7Ternyata cuma window shopping..Show this thread,0,0,0,2021-03-07,02:35:46
2021-03-06 09:13:31,"ãƒã‚¦ãƒ©ãƒŠ@msna830Â·Mar 6I'm at Grand Indonesia Shopping Town in Jakarta Pusat, DKI JakartaMaul | Grand Indonesia Shopping TownGet out. Explore. Download Swarm and live your life more checked in.swarmapp.com",0,0,0,2021-03-06,09:13:31
2021-03-06 08:10:00,Waraney Rawung@waraneyÂ·Mar 6Replying to @everwherestHmmm I need to go grocery shopping again.,0,0,0,2021-03-06,08:10:00
2021-03-06 01:15:42,"Murah Banget@MurahBanget3Â·Mar 6Brush Toilet Silicone / Sikat WC Silicone Harga 16.200 Berat Produk : 400 Gram  Tidak termasuk tempelan ke dinding  Type: floor type, wall type Material: ABS + TPR Size: -+ 35.5 Ã— 9.5 Ã— 4cm #brush #Toilet #toiletbrush #murahbanget #shoppingstar #ShoppingOnline #shopping",0,0,0,2021-03-06,01:15:42
2021-03-05 14:18:41,Reza Hyundai@rezarobotzÂ·Mar 5Baru saja mengirim foto @ Hyundai Lotte Shopping Avenue Kuningan https://instagram.com/p/CMCkY2nF5QG/?igshid=iwjwbvsg1tm0â€¦,0,0,0,2021-03-05,14:18:41
2021-02-27 11:42:48,"å¼€â˜¾ â€¢ s/h@silverishblueÂ·Feb 27managed to go out today for grocery shopping, and catch these tenâ€™s birthday ads at jakartaâ€™s mrt stations by @TENprojectTH   senayan mrt station123Show this thread",1,3,2,2021-02-27,11:42:48
2021-02-26 10:34:11,juni@Jeongyun__oÂ·Feb 26Fruit shopping.,0,0,0,2021-02-26,10:34:11
2021-02-26 03:37:31,Mada Ton@MadaTon2Â·Feb 26Shopping time1,0,1,0,2021-02-26,03:37:31
2021-02-25 07:23:55,Aries Kurniawan@Aries_BKSSÂ·Feb 25Dominasi Hitam  @ Thamrin City - Smart Shopping For Everyone https://instagram.com/p/CLtOkAbFE8-QW09dKlpjqEn6xmmPURIujtMlIM0/?igshid=14vek0xvw7yhiâ€¦,0,0,0,2021-02-25,07:23:55
2021-02-24 13:25:18,Pai Laodeh@pailaodehÂ·Feb 24Shopping is healing..33,3,3,0,2021-02-24,13:25:18
2021-02-24 02:06:45,Supermal Karawaci@Supermal_KrwciÂ·Feb 24H&M Mid Season Sale starts now! Enjoy sale up to 50% at all H&M store Supermal Karawaci Ground Floor &Â http://ID.HM.COM. Happy Shopping!  #skpromotion #supermalkarawaci #hm #hmindonesia @ Supermal Karawaci https://instagram.com/p/CLqFd8-AzMs/?igshid=fycle4rjxb5uâ€¦,0,0,0,2021-02-24,02:06:45
2021-02-23 12:24:51,niza febrisa@niza_febrisaÂ·Feb 23Windows Shopping   Just look around sebut aja cuci mata  #tsm #cibubur #windowshopping #cucimata #eigner @ Dapur Nananos https://instagram.com/p/CLonY9QhzFO/?igshid=90mzc4r5lppuâ€¦,0,0,0,2021-02-23,12:24:51
2021-02-22 15:41:35,"Anyadenya@Tikadwi08Â·Feb 22LAVA CHOCO PRAKTIS. Jajanan murah, Enak, dan pastinya isinya banyak. Bisa kalian dapatkan hanya dengan harga Rp25.000  Bisa juga kalian cek produk ini hanya di Shopee! Let`s go to Shopping https://shopee.co.id/product/346142276/9917075084?smtt=0.346161851-1614008212.6â€¦ #ShopeeID",0,0,0,2021-02-22,15:41:35
2021-02-22 07:22:09,"Managara Tampubolon@ManagaraTÂ·Feb 22Mohon perhatian serius kpd Menkes, Kepala Bpom, ketua ylki jg KSP utk memonitor ketat iklan produk obat dan alkes di tv home shopping spt mncshop, lejel, oshop dsb lalu publikasikan hasilnya",0,0,0,2021-02-22,07:22:09
2021-02-20 12:48:44,"Allan Hutauruk@allan711Â·Feb 20I'm at Lotte Shopping Avenue in Jakarta Selatan, DKI JakartaAllan | Lotte Shopping AvenueGet out. Explore. Download Swarm and live your life more checked in.swarmapp.com",0,0,0,2021-02-20,12:48:44
2021-02-20 07:29:43,"Didimusr @dmusriadiÂ·Feb 20I'm at Grand Indonesia Shopping Town in Jakarta Pusat, DKI JakartaDidi | Grand Indonesia Shopping TownGet out. Explore. Download Swarm and live your life more checked in.swarmapp.com",0,0,0,2021-02-20,07:29:43
2021-02-17 16:24:01,Andika Aria Sena â„¢@MasarioÂ·Feb 17Just posted a photo @ Gandaria City Shopping Mall https://instagram.com/p/CLZmArugyPM/?igshid=1sppurzsic2l1â€¦,0,0,0,2021-02-17,16:24:01
2021-02-17 07:58:30,Integrity Asia@integrity_asiaÂ·Feb 17Managing your compliance risks: Mystery Shopping in 6 steps  For further information about mystery shopping and other compliance-related services. Please contact us at http://integrity-asia.com/contact #integrityasia #mysteryshopping #compliance #businesscompliance #businessconsultant22,0,2,2,2021-02-17,07:58:30
2021-02-11 13:48:20,@fbillysÂ·Feb 11My online shopping anthem! Quote TweetMatt Stopera@mattstopera Â· Feb 11That's a classic!,0,0,0,2021-02-11,13:48:20
2021-02-11 05:04:26,#PersijaSelamanya@dickyd0405Â·Feb 11Replying to @yourmaskkDisuruh shopping de mungkin dia lelah drmh mlu hahaha1,1,0,0,2021-02-11,05:04:26
2021-02-11 03:07:13,"Ev@purplevengeleveÂ·Feb 11Astaga.. sini yang udah kerja aja mikir banget buat shopping printilan kpop -.- ngapain sih deeek maksain beli sampe ngutang? Biar apaaaaaaaa? Fandomnya apa nih? Kalo sefandom, dahlah dahlaaaahQuote TweetYogi Natasukma@SoundOfYogi Â· Feb 10Dapet kabar dari temen,  Anaknya ngutang sampe 3 juta  Anaknya masih SMP...  Duitnya dipake untuk....  Beli merchandise KPOP...  WHAT THE ACTUAL FUCKShow this thread",0,0,0,2021-02-11,03:07:13
2021-02-11 00:20:14,Tulisan@mytulisanÂ·Feb 11It's hard to change my routine of buying pre-packaged liquid soaps until I read about zero-waste grocery shopping. So now I try to find alternative eco markets which offer 'scoop and weigh' services.  Enjoy 1 min. reading at https://tulisan.com/blogs/chronicles/conscious-shopperâ€¦5,0,5,0,2021-02-11,00:20:14
2021-02-10 09:24:21,"Stallone@StallonationÂ·Feb 10Tenet (@ Lotte Shopping Avenue XXI - @cinema21 in Jakarta Selatan, DKI Jakarta) https://swarmapp.com/c/dqq96jZRLSa",0,0,0,2021-02-10,09:24:21
2021-02-09 11:41:58,Toko Gede AGS@toko_gede_agsÂ·Feb 9Good news.. Sesuai permintaan customer Toko Gede AGS kini hadir di Grabmart. Kunjungi segera Grabmart di aplikasi Grab setiap hari Senin-Sabtu jam 9:00-16:00 WIB dan manfaatkan berbagai macam promo nya. Happy shopping,0,0,0,2021-02-09,11:41:58
2021-02-09 09:01:38,"setiawati kasbi@watikasbiÂ·Feb 9Wah, jangan online shopping jauh2 dulu Quote Tweetdetikcom@detikcom Â· Feb 9""Macet parah terjadi di Tol Cipali dan ini mengganggu semua distribusi barang di Jawa di mana 90% lebih lewat darat yaitu truk,"" https://finance.detik.com/berita-ekonomi-bisnis/d-5367285/ngerinya-dampak-tol-cipali-amblas-pengiriman-paket-bisa-lumpuh?utm_content=detikfinance&utm_term=echobox&utm_campaign=detikcomsocmed&utm_medium=oa&utm_source=Twitter#Echobox=1612856093â€¦1",1,0,0,2021-02-09,09:01:38
2021-02-09 07:44:47,"Penjual Turban Kenamaan@nyanyu_idÂ·Feb 9Demen belanja onlen, tapi mau hemat. Akhirnya tanya ke maspcar dia perlu apa. Bantuin shopping, trus kirim invoice deh  Aku lega walo itu bukan belanjaanku, yg penting check out 1Show this thread",1,0,0,2021-02-09,07:44:47
2021-02-07 14:14:51,"Manusia Berbulu@thelilSagiÂ·Feb 7Replying to @squidwardfessShopping, sex, money. Sehh dah",0,0,0,2021-02-07,14:14:51
2021-02-07 10:46:29,Anggrianidewi@anggrianidewiÂ·Feb 7Gabung ke wag live shopping bukibuk tuh asik tapi degdegan pas mau bayar-bayarnya wkwkw1Show this thread,1,0,0,2021-02-07,10:46:29
2021-02-03 09:51:34,Felixie æ„› @feli_nakamotoÂ·Feb 3Replying to @kangmaslinoInclude est shopping and tax udah itu ya mbak?1,1,0,0,2021-02-03,09:51:34
2021-02-03 09:32:54,Mery DT @zevanyaÂ·Feb 3Oneng the shopping bag lover.  @ South Jakarta https://instagram.com/p/CK0z1jBnfdc/?igshid=1pe077ad5g4o5â€¦,0,0,0,2021-02-03,09:32:54
2021-02-01 03:19:44,ZAZKYA!!@sasaskiaaÂ·Feb 1Replying to @viaulfafadillahMeuni shopping aja atuh1,1,0,0,2021-02-01,03:19:44
2021-01-31 22:56:54,redaluv@ninacassielÂ·Jan 31Sadar kalo berlian itu bukan investasi...tp ya blink2nya itu ga nahan hiks ..godaan terbesar skrg adalah nahan diri buat ga shopping perhiasan aneh2 ,0,0,0,2021-01-31,22:56:54
2021-01-31 13:35:58,Dulunya @lintang@lokastitiÂ·Jan 31Replying to @ratihpusBelom lahhhh . Hobi aku kalo weekend nontonin YouTube grocery shopping 1,1,0,0,2021-01-31,13:35:58
2021-01-31 02:34:00,"Dreamer@kayumi_12Â·Jan 31Nyuci  Shopping ke pasar  Masak   Giliran mau nyalon ama maxie, ujan lagi..... Dahlah ke kasur aja",0,0,0,2021-01-31,02:34:00
2021-01-30 10:10:31,"mencoba kurus.@masajimasasihÂ·Jan 30Travel, shopping, food. Omg this is so true Quote TweetUDAH DIVAKSIN! | Buku Baru Soon!@aMrazing Â· Jan 30Apa?",0,0,0,2021-01-30,10:10:31
2021-01-28 18:35:08,"sayid muhammad@sayidmreyzhaÂ·Jan 28Gilaa gue malah ketemu berita ini dari instagram, ternyata disini udah rame toh. Saya juga pengguna @eigeradventure loh, suka ke lotte shopping avenue beli. Sekarang kayaknyaa jadi dipikir ulang deh, kenapa bisa sih kepikiran bikin surat gitu???Quote Tweetdian widiyanarko@duniadian Â· Jan 28Halo @eigeradventure jujur kaget saya dapat surat begini dari anda.  Lebih kaget lagi baca poin keberatannya.  Saya kan review produk gak anda endorse. Kalau anda endorse atau ngiklan boleh lah komplen begitu.  Lha ini beli, gak gratis, lalu review pake alat sendiri.Show this thread",0,0,0,2021-01-28,18:35:08
2021-01-27 16:27:22,Bondan Rajasya@BondanRajasyaÂ·Jan 27Replying to @ustadchen and @aliraliraâ€œHangout placesâ€ here I define as shopping malls there. Gausah jalan jauh jauh mall banyak bukan cuma barang premium kalo di Indo. Kalo di Korea ke mall mah nangis ga ada duit kan wkwk,0,0,0,2021-01-27,16:27:22
2021-01-27 09:03:44,LittleAngel.Co@AngeMarlindaÂ·Jan 27Sooo yummy.. @ Remboelan Restoran Lotte Shopping Avenue https://instagram.com/p/CKiu7rOFzf_/?igshid=gaoly7i7jzv8â€¦,0,0,0,2021-01-27,09:03:44
2021-01-25 14:05:14,Verania Florencia@veraniaflrÂ·Jan 25pergi shopping for cny todayThe following media includes potentially sensitive content. Change settingsView,0,0,0,2021-01-25,14:05:14
2021-01-25 05:39:41,"Rosyy Nurul@rosyy_nurulÂ·Jan 25""kok kamu tiap minggu makan makan enak terus, shopping terus. Duitmu kok gak habis habis""  Ah elaaah kaga tau aja aku nyarinya sampai jungkir balik dunia Sissy. Masaiyaa kga dinikmatin hasilnya. Gatau ajaa, kalo weekdays cm makan sop sm tempe udah alhamdulillah.",0,0,0,2021-01-25,05:39:41
2021-01-24 19:00:28,san@_muhamadihsannÂ·Jan 24Replying to @ichajnfs and @ibrhmAbiastaga body shopping,0,0,0,2021-01-24,19:00:28
2021-01-24 07:18:50,nirmala chandra@adenirmalaÂ·Jan 24Mokhtar family bagian selatan ketemunya ga jauh2 dari @townsquarecilandak  .  . #family #shopping #happyweekend #prokescovid19 #staysafeandhealthy @mireuku @dinda.dtito @rajuanka @ Townsquare Cilandak https://instagram.com/p/CKa0inOjY4j/?igshid=1l7z8kono1nckâ€¦,0,0,0,2021-01-24,07:18:50
2021-01-23 14:17:17,wanita nokturnal@thya_artzÂ·Jan 23online shopping app yang paling baik kayanya @ZALORA doank dah111,1,1,1,2021-01-23,14:17:17
2021-01-23 13:08:52,"Fitri Apriellianty@apriel2704Â·Jan 23Kalau lagi mood swing gini, rasanya ingin shopping mulu ",0,0,0,2021-01-23,13:08:52
2021-01-23 06:19:41,ğ™±ğš›ğš’ğšğš™ğš˜ğš™ ğ™»ğš’ğšŸğšğšœ ğ™µğš˜ğš›ğšğšŸğšğš›@kopisenjahariÂ·Jan 23Dear @Primark y u no have online shopping.. I need to update my comfy pyjamas collection & I want your Love to Lounge series not anything else nooo 31,3,1,0,2021-01-23,06:19:41
2021-01-22 07:39:34,maya antika sari@maya_asariÂ·Jan 22wokeh...weekend kita shopping sama ngopi2 mesraQuote TweetAndi@andisainer Â· Jan 22Need some coffee,0,0,0,2021-01-22,07:39:34
2021-01-22 05:25:15,ã€å…¬å¼ã€‘ã‚¸ãƒ£ã‚«ãƒ«ã‚¿ãƒ©ã‚¤ãƒ•@jktlife_2012Â·Jan 22#ã‚¯ãƒ«ãƒã ã‚‰ã‘ #kuruma #æ–­é£Ÿæ˜ã‘ #ãƒ—ã‚¢ã• #puasa å ´æ‰€: Thamrin City - Smart Shopping For Everyone https://instagram.com/p/CKVd9EwFW8C/?igshid=tv7vaaokppi8â€¦1,0,0,1,2021-01-22,05:25:15
2021-01-15 16:17:18,Haroro í•˜ë¡œë¡œ@hahaha2606Â·Jan 15Replying to @astor_72Happy shopping,0,0,0,2021-01-15,16:17:18
2021-01-10 07:17:11,Christine Gneuss@ChristineGneussÂ·Jan 10Ancient #relics found under one of #Jakarta's longest standing shopping malls #Sarinah.   So nice <3Quote TweetLeonardo Ringo@Leonardoringo Â· Jan 9Di gedung kantor gue ada relic. How cool is that?,0,0,0,2021-01-10,07:17:11
2021-01-23 06:19:41,ğ™±ğš›ğš’ğšğš™ğš˜ğš™ ğ™»ğš’ğšŸğšğšœ ğ™µğš˜ğš›ğšğšŸğšğš›@kopisenjahariÂ·Jan 23Dear @Primark y u no have online shopping.. I need to update my comfy pyjamas collection & I want your Love to Lounge series not anything else nooo GIF31,3,1,0,2021-01-23,06:19:41
2021-01-09 17:28:06,Romo Kaizen@Yudi_RomoKaizenÂ·Jan 9Replying to @sayidmachmoedTungguin hareemnya shopping koq gitu amat yak Bib...11,1,1,0,2021-01-09,17:28:06
2021-01-08 15:54:49,"Damas.id@RifaifirmanIÂ·Jan 8kurta sanghai tersedia berbagai model size,dan warna untuk yang serius order langsung aja chat  081285163030  happy shopping",0,0,0,2021-01-08,15:54:49
2021-01-08 14:11:52,Muhammad Sholeh@Sholeh1MuhammadÂ·Jan 8Literally me when I forgot to bring my own shopping bag ,0,0,0,2021-01-08,14:11:52
2021-01-07 14:55:33,"hai@heeellowÂ·Jan 7buat ngutangin orang nggak ada, buat shopping ada maap nih ya bukannya pelit, tp ya tau sendiri lah kalo urusan utang piutang tu ribet apalagi sama sodara",0,0,0,2021-01-07,14:55:33
2021-01-06 21:41:39,IG @gm_woodwork@djioenÂ·Jan 6Maldini lsg shopping,0,0,0,2021-01-06,21:41:39
2021-01-06 15:26:07,"Au @aukumanÂ·Jan 6I feel content of being alone. Dulu jaman belom nikah ya kemana2 sendiri; ke gereja, muter2 mall, grocery shopping, nge-gym, makan, nongkrong, nyalon, dll.Quote Tweetesselatte@esselatte Â· Jan 6Serius ni nanya ada yang pernah Me time ?  Ke coffe shop/Bioskop/dll sendiri  Rasanya gimana tolong jelasine1",1,0,0,2021-01-06,15:26:07
2021-01-06 15:01:06,"Ghaitsa Asa@luqyanasaÂ·Jan 6Pertama kali dalam sejarah per online shopping an belanjaan ku hilang sama kurir, trs menyesal dan berhenti belanja online?  Tentu saja tidak1",1,0,0,2021-01-06,15:01:06
2021-01-05 09:41:01,"ganendrax@rahabganendraÂ·Jan 5Nah ini baru bener....menambah modal usaha. Bukan tuk shopping or  nutup utang.   #BanpresProduktifUsahaMikroQuote TweetKemenkopUKM@KemenkopUKM Â· Jan 5Ibu Marta, seorang penjual pinang yang menerima Bantuan Presiden Produktif Usaha Mikro (BPUM).  Bantuan sebesar Rp2,4 juta itu pun dimanfaatkan oleh Ibu Marta sebagai penambah modal usaha.  #KemenKopUKM #SiapBersamaUMKM #UMKMNaikKelas #BanpresProduktifUsahaMikroShow this thread",0,0,0,2021-01-05,09:41:01
2021-01-04 16:08:08,Sedot Wc Beneran@SedotWcOnlineIDÂ·Jan 4Replying to @ScottZILWarrior and @shopping_io,0,0,0,2021-01-04,16:08:08
2021-01-04 07:16:39,"ï½‚ï½…ï½™ @adorablexdoyieeÂ·Jan 4Kangen banget thrift shopping di ps senen, sweater uniqlo cuma 15rb. Trus blouse koriyah gemes 100rb dpt 3. Mana msh cakep2 batsQuote TweetTubby Sobat Teapotmu@tubbirfess Â· Jan 3hanya 5% dari thrift thrift instagram yang harganya masuk akal,,,,,,,, why gitu loh kalian menjual baju bekas mahal-mahal Show this thread1",1,0,0,2021-01-04,07:16:39
2021-01-03 09:30:47,"ã‚¢ãƒ³ãƒˆ@Anto___0211Â·Jan 3I'm at Grand Indonesia Shopping Town in Jakarta Pusat, DKI Jakartaã‚¢ãƒ³ãƒˆ | Grand Indonesia Shopping TownGet out. Explore. Download Swarm and live your life more checked in.swarmapp.com",0,0,0,2021-01-03,09:30:47
2021-01-01 02:14:42,"septiayufebiana@SeptiayufÂ·Jan 1Semalem ""akun anda disetujui""  Pas pagi ini dibuka  ""akun anda tidak disetujui untuk instagram shopping""  Labil huh1",0,1,0,2021-01-01,02:14:42
